<locale language="az" english-language-name="Azerbaijani">

<info xmlns="http://docbook.org/ns/docbook">
<authorgroup>
  <author><personname><firstname>M&#601;tin</firstname><surname>&#399;mirov</surname></personname>
  <email>amiroff@gmail.com</email>
          
  </author>
</authorgroup>
</info>

<gentext key="Abstract" text="&#304;cmal"/>
<gentext key="abstract" text="&#304;cmal"/>
<gentext key="Answer" text="Cavab:"/>
<gentext key="answer" text="Cavab:"/>
<gentext key="Appendix" text="&#399;lav&#601;"/>
<gentext key="appendix" text="&#399;lav&#601;"/>
<gentext key="Article" text="M&#601;qal&#601;"/>
<gentext key="article" text="M&#601;qal&#601;"/>
<gentext key="Author" text="M&#252;&#601;llif"/>
<gentext key="Bibliography" text="Qaynaq&#231;a"/>
<gentext key="bibliography" text="Qaynaq&#231;a"/>
<gentext key="Book" text="Kitab"/>
<gentext key="book" text="Kitab"/>
<gentext key="CAUTION" text="D&#304;QQ&#399;T"/>
<gentext key="Caution" text="Diqq&#601;t"/>
<gentext key="caution" text="Diqq&#601;t"/>
<gentext key="Chapter" text="B&#246;l&#252;m"/>
<gentext key="chapter" text="B&#246;l&#252;m"/>
<gentext key="Colophon" text="Kitab Haqq&#305;nda"/>
<gentext key="colophon" text="Kitab Haqq&#305;nda"/>
<gentext key="Copyright" text="M&#252;&#601;llif H&#252;ququ"/>
<gentext key="copyright" text="M&#252;&#601;llif H&#252;ququ"/>
<gentext key="Dedication" text="H&#601;sr"/>
<gentext key="dedication" text="H&#601;sr"/>
<gentext key="Edition" text="Burax&#305;l&#305;&#351;"/>
<gentext key="edition" text="Burax&#305;l&#305;&#351;"/>
<gentext key="Equation" text="T&#601;nlik"/>
<gentext key="equation" text="T&#601;nlik"/>
<gentext key="Example" text="N&#252;mun&#601;"/>
<gentext key="example" text="N&#252;mun&#601;"/>
<gentext key="Figure" text="Fiqur"/>
<gentext key="figure" text="Fiqur"/>
<gentext key="Glossary" text="L&#252;&#287;&#601;t"/>
<gentext key="glossary" text="L&#252;&#287;&#601;t"/>
<gentext key="GlossSee" text="Bax"/>
<gentext key="glosssee" text="Bax"/>
<gentext key="GlossSeeAlso" text="El&#601;c&#601; D&#601; Bax"/>
<gentext key="glossseealso" text="El&#601;c&#601; D&#601; Bax"/>
<gentext key="IMPORTANT" text="VAC&#304;B"/>
<gentext key="important" text="Vacib"/>
<gentext key="Important" text="Vacib"/>
<gentext key="Index" text="&#304;ndeks"/>
<gentext key="index" text="&#304;ndeks"/>
<gentext key="ISBN" text="ISBN"/>
<gentext key="isbn" text="ISBN"/>
<gentext key="LegalNotice" text="Qanuni Qeyd"/>
<gentext key="legalnotice" text="Qanuni Qeyd"/>
<gentext key="MsgAud" text="H&#601;d&#601;f Oxuyucu"/>
<gentext key="msgaud" text="H&#601;d&#601;f Oxuyucu"/>
<gentext key="MsgLevel" text="S&#601;viyy&#601;"/>
<gentext key="msglevel" text="S&#601;viyy&#601;"/>
<gentext key="MsgOrig" text="M&#601;nb&#601;"/>
<gentext key="msgorig" text="M&#601;nb&#601;"/>
<gentext key="NOTE" text="QEYD"/>
<gentext key="Note" text="Qeyd"/>
<gentext key="note" text="Qeyd"/>
<gentext key="Part" text="Hiss&#601;"/>
<gentext key="part" text="Hiss&#601;"/>
<gentext key="Preface" text="&#214;ns&#246;z"/>
<gentext key="preface" text="&#214;ns&#246;z"/>
<gentext key="Procedure" text="&#220;sul"/>
<gentext key="procedure" text="&#220;sul"/>
<gentext key="ProductionSet" text="Produksiya"/>
<gentext key="PubDate" text="Yayimlama Tarixi"/>
<gentext key="pubdate" text="Yayimlama Tarixi"/>
<gentext key="Published" text="Yayimlama"/>
<gentext key="published" text="Yayimlama"/>
<gentext key="Qandadiv" text="S v&#601; C"/>
<gentext key="qandadiv" text="S v&#601; C"/>
<gentext key="Question" text="Sual:"/>
<gentext key="question" text="Sual:"/>
<gentext key="RefEntry" text=""/>
<gentext key="refentry" text=""/>
<gentext key="Reference" text="Xat&#305;rlatma"/>
<gentext key="reference" text="Xat&#305;rlatma"/>
<gentext key="RefName" text="Ad"/>
<gentext key="refname" text="Ad"/>
<gentext key="RefSection" text=""/>
<gentext key="refsection" text=""/>
<gentext key="RefSynopsisDiv" text="&#304;cmal"/>
<gentext key="refsynopsisdiv" text="&#304;cmal"/>
<gentext key="RevHistory" text="N&#601;z&#601;rd&#601;n Ke&#231;irm&#601; Tarix&#231;&#601;si"/>
<gentext key="revhistory" text="N&#601;z&#601;rd&#601;n Ke&#231;irm&#601; Tarix&#231;&#601;si"/>
<gentext key="revision" text="N&#601;z&#601;rd&#601;n Ke&#231;irm&#601;"/>
<gentext key="Revision" text="N&#601;z&#601;rd&#601;n Ke&#231;irm&#601;"/>
<gentext key="sect1" text="Qisim"/>
<gentext key="sect2" text="Qisim"/>
<gentext key="sect3" text="Qisim"/>
<gentext key="sect4" text="Qisim"/>
<gentext key="sect5" text="Qisim"/>
<gentext key="section" text="Qisim"/>
<gentext key="Section" text="Qisim"/>
<gentext key="see" text="bax"/>             
<gentext key="See" text="Bax"/>
<gentext key="seealso" text="el&#601;c&#601; d&#601; bax"/>    
<gentext key="Seealso" text="El&#601;c&#601; D&#601; Bax"/>
<gentext key="SeeAlso" text="El&#601;c&#601; D&#601; Bax"/>
<gentext key="set" text="D&#601;st&#601;"/>
<gentext key="Set" text="D&#601;st&#601;"/>
<gentext key="setindex" text="&#304;ndeksi Se&#231;"/>
<gentext key="SetIndex" text="&#304;ndeksi Se&#231;"/>
<gentext key="Sidebar" text=""/>
<gentext key="sidebar" text="K&#601;nar &#199;ubu&#287;u"/>
<gentext key="step" text="add&#305;m"/>
<gentext key="Step" text="Add&#305;m"/>
<gentext key="Table" text="C&#601;dv&#601;l"/>
<gentext key="table" text="c&#601;dv&#601;l"/>
<gentext key="tip" text="m&#601;sl&#601;h&#601;t"/>
<gentext key="TIP" text="M&#399;SL&#399;H&#399;T"/>
<gentext key="Tip" text="M&#601;sl&#601;h&#601;t"/>
<gentext key="Warning" text="X&#601;b&#601;rdarl&#305;q"/>
<gentext key="warning" text="X&#601;b&#601;rdarl&#305;q"/>
<gentext key="WARNING" text="X&#399;B&#399;RDARLIQ"/>

<gentext key="and" text="v&#601;"/>
<gentext key="by" text=""/>
<gentext key="called" text="&#231;a&#287;&#305;r&#305;ld&#305;"/>
<gentext key="Edited" text="D&#252;z&#601;ldildi"/>
<gentext key="edited" text="D&#252;z&#601;ldildi"/>
<gentext key="Editedby" text="D&#252;z&#601;li&#351; ed&#601;n"/>
<gentext key="editedby" text="D&#252;z&#601;li&#351; ed&#601;n"/>
<gentext key="in" text=""/>
<gentext key="lastlistcomma" text=","/>
<gentext key="listcomma" text=","/>
<gentext key="notes" text="Qeydl&#601;r"/>
<gentext key="Notes" text="Qeydl&#601;r"/>
<gentext key="Pgs" text="Shflr."/>
<gentext key="pgs" text="Shflr."/>
<gentext key="Revisedby" text="G&#246;zd&#601;n ke&#231;ir&#601;n: "/>
<gentext key="revisedby" text="G&#246;zd&#601;n ke&#231;ir&#601;n: "/>
<gentext key="TableNotes" text="Qeydl&#601;r"/>
<gentext key="tablenotes" text="Qeydl&#601;r"/>
<gentext key="TableofContents" text="M&#601;zmun"/>
<gentext key="tableofcontents" text="M&#601;zmun"/>
<gentext key="the" text=""/>
<gentext key="unexpectedelementname" text="G&#246;zl&#601;nm&#601;y&#601;n element ad&#305;"/>
<gentext key="unsupported" text="d&#601;st&#601;kl&#601;nmir"/>
<gentext key="xrefto" text=""/>

<gentext key="listofequations" text="T&#601;nlikl&#601;r"/>
<gentext key="ListofEquations" text="T&#601;nlikl&#601;r"/>
<gentext key="ListofExamples" text="N&#252;mun&#601;l&#601;r"/>
<gentext key="listofexamples" text="N&#252;mun&#601;l&#601;r"/>
<gentext key="ListofFigures" text="Fiqurlar"/>
<gentext key="listoffigures" text="Fiqurlar"/>
<gentext key="ListofProcedures" text="&#220;sullar"/>
<gentext key="listofprocedures" text="&#220;sullar"/>
<gentext key="listoftables" text="C&#601;dv&#601;ll&#601;r"/>
<gentext key="ListofTables" text="C&#601;dv&#601;ll&#601;r"/>
<gentext key="ListofUnknown" text="Nam&#601;lumlar"/>

<gentext key="nav-home" text="Ev"/>
<gentext key="nav-next" text="Sonrak&#305;"/>
<gentext key="nav-next-sibling" text="&#304;r&#601;li"/>
<gentext key="nav-prev" text="&#399;vv&#601;lki"/>
<gentext key="nav-prev-sibling" text="Geri"/>
<gentext key="nav-up" text="Yuxar&#305;"/>
<gentext key="nav-toc" text="M&#601;zmun"/>

<gentext key="Draft" text="&#350;ablon"/>
<gentext key="above" text="&#220;st&#252;nd&#601;"/>
<gentext key="below" text="Alt&#305;nda"/>
<gentext key="sectioncalled" text=""/>
<gentext key="index symbols" text="Simvollar"/>
<gentext key="writing-mode" text="lr-tb"/>

<gentext key="lowercase.alpha" text="abc&#231;de&#601;fg&#287;hx&#305;ijkqlmno&#246;prs&#351;tu&#252;vyz"/>
<gentext key="uppercase.alpha" text="ABC&#199;DE&#399;FG&#286;HXI&#304;JKQLMNO&#214;PRS&#350;TU&#220;VYZ"/>

<dingbat key="startquote" text="&#8220;"/>
<dingbat key="endquote" text="&#8221;"/>
<dingbat key="nestedstartquote" text="&#8216;"/>
<dingbat key="nestedendquote" text="&#8217;"/>
<dingbat key="singlestartquote" text="&#8216;"/>
<dingbat key="singleendquote" text="&#8217;"/>
<dingbat key="bullet" text="&#8226;"/>


<gentext key="hyphenation-character" text="-"/>
<gentext key="hyphenation-push-character-count" text="2"/>
<gentext key="hyphenation-remain-character-count" text="2"/>

<context name="styles">

<template name="person-name">first-last</template>

</context>

<context name="title">

<template name="abstract">%t</template>
<template name="answer">%t</template>
<template name="appendix"><Appendix/>&#160;%n.&#160;%t</template>
<template name="article">%t</template>
<template name="authorblurb">%t</template>
<template name="bibliodiv">%t</template>
<template name="biblioentry">%t</template>
<template name="bibliography">%t</template>
<template name="bibliolist">%t</template>
<template name="bibliomixed">%t</template>
<template name="bibliomset">%t</template>
<template name="biblioset">%t</template>
<template name="blockquote">%t</template>
<template name="book">%t</template>
<template name="calloutlist">%t</template>
<template name="caution">%t</template>
<template name="chapter"><Chapter/>&#160;%n.&#160;%t</template>
<template name="colophon">%t</template>
<template name="dedication">%t</template>
<template name="equation"><Equation/>&#160;%n.&#160;%t</template>
<template name="example"><Example/>&#160;%n.&#160;%t</template>
<template name="figure"><Figure/>&#160;%n.&#160;%t</template>
<template name="foil">%t</template>	
<template name="foilgroup">%t</template>  
<template name="formalpara">%t</template>
<template name="glossary">%t</template>
<template name="glossdiv">%t</template>
<template name="glosslist">%t</template>
<template name="glossentry">%t</template>
<template name="important">%t</template>
<template name="index">%t</template>
<template name="indexdiv">%t</template>
<template name="itemizedlist">%t</template>
<template name="legalnotice">%t</template>
<template name="listitem"/>
<template name="lot">%t</template>
<template name="msg">%t</template>
<template name="msgexplan">%t</template>
<template name="msgmain">%t</template>
<template name="msgrel">%t</template>
<template name="msgset">%t</template>
<template name="msgsub">%t</template>
<template name="note">%t</template>
<template name="orderedlist">%t</template>
<template name="part"><Part/>&#160;%n.&#160;%t</template>
<template name="partintro">%t</template>
<template name="preface">%t</template>
<template name="procedure">%t</template>
<template name="procedure.formal"><Procedure/>&#160;%n.&#160;%t</template>
<template name="productionset">%t</template>
<template name="productionset.formal"><ProductionSet/>&#160;%n</template>
<template name="qandadiv">%t</template>
<template name="qandaentry">%t</template>
<template name="qandaset">%t</template>
<template name="question">%t</template>
<template name="refentry">%t</template>
<template name="reference">%t</template>
<template name="refsection">%t</template>
<template name="refsect1">%t</template>
<template name="refsect2">%t</template>
<template name="refsect3">%t</template>
<template name="refsynopsisdiv">%t</template>
<template name="refsynopsisdivinfo">%t</template>
<template name="segmentedlist">%t</template>
<template name="set">%t</template>
<template name="setindex">%t</template>
<template name="sidebar">%t</template>
<template name="step">%t</template>
<template name="table"><Table/>&#160;%n.&#160;%t</template>
<template name="task">%t</template>
<template name="tip">%t</template>
<template name="toc">%t</template>
<template name="variablelist">%t</template>
<template name="varlistentry"/>
<template name="warning">%t</template>

</context>

<context name="title-unnumbered">

<template name="appendix">%t</template>
<template name="article/appendix">%t</template>
<template name="bridgehead">%t</template>
<template name="chapter">%t</template>
<template name="sect1">%t</template>
<template name="sect2">%t</template>
<template name="sect3">%t</template>
<template name="sect4">%t</template>
<template name="sect5">%t</template>
<template name="section">%t</template>
<template name="simplesect">%t</template>

</context>

<context name="title-numbered">

<template name="appendix"><Appendix/>&#160;%n.&#160;%t</template>
<template name="article/appendix">%n.&#160;%t</template>
<template name="bridgehead">%n.&#160;%t</template>
<template name="chapter"><Chapter/>&#160;%n.&#160;%t</template>
<template name="part"><Part/>&#160;%n.&#160;%t</template>
<template name="sect1">%n.&#160;%t</template>
<template name="sect2">%n.&#160;%t</template>
<template name="sect3">%n.&#160;%t</template>
<template name="sect4">%n.&#160;%t</template>
<template name="sect5">%n.&#160;%t</template>
<template name="section">%n.&#160;%t</template>
<template name="simplesect">%t</template>

</context>

<context name="subtitle">

<template name="appendix">%s</template>
<template name="article">%s</template>
<template name="bibliodiv">%s</template>
<template name="biblioentry">%s</template>
<template name="bibliography">%s</template>
<template name="bibliomixed">%s</template>
<template name="bibliomset">%s</template>
<template name="biblioset">%s</template>
<template name="book">%s</template>
<template name="chapter">%s</template>
<template name="colophon">%s</template>
<template name="dedication">%s</template>
<template name="glossary">%s</template>
<template name="glossdiv">%s</template>
<template name="index">%s</template>
<template name="indexdiv">%s</template>
<template name="lot">%s</template>
<template name="part">%s</template>
<template name="partintro">%s</template>
<template name="preface">%s</template>
<template name="refentry">%s</template>
<template name="reference">%s</template>
<template name="refsection">%s</template>
<template name="refsect1">%s</template>
<template name="refsect2">%s</template>
<template name="refsect3">%s</template>
<template name="refsynopsisdiv">%s</template>
<template name="sect1">%s</template>
<template name="sect2">%s</template>
<template name="sect3">%s</template>
<template name="sect4">%s</template>
<template name="sect5">%s</template>
<template name="section">%s</template>
<template name="set">%s</template>
<template name="setindex">%s</template>
<template name="sidebar">%s</template>
<template name="simplesect">%s</template>
<template name="toc">%s</template>

</context>

<context name="xref">
<template name="abstract">%t</template>
<template name="answer"><Answer/>&#160;%n</template>
<template name="appendix">%t</template>
<template name="article">%t</template>
<template name="authorblurb">%t</template>
<template name="bibliodiv">%t</template>
<template name="bibliography">%t</template>
<template name="bibliomset">%t</template>
<template name="biblioset">%t</template>
<template name="blockquote">%t</template>
<template name="book">%t</template>
<template name="calloutlist">%t</template>
<template name="caution">%t</template>
<template name="chapter">%t</template>
<template name="colophon">%t</template>
<template name="constraintdef">%t</template>
<template name="dedication">%t</template>
<template name="equation">%t</template>
<template name="example">%t</template>
<template name="figure">%t</template>
<template name="foil">%t</template>	
<template name="foilgroup">%t</template> 
<template name="formalpara">%t</template>
<template name="glossary">%t</template>
<template name="glossdiv">%t</template>
<template name="important">%t</template>
<template name="index">%t</template>
<template name="indexdiv">%t</template>
<template name="itemizedlist">%t</template>
<template name="legalnotice">%t</template>
<template name="listitem">%n</template>
<template name="lot">%t</template>
<template name="msg">%t</template>
<template name="msgexplan">%t</template>
<template name="msgmain">%t</template>
<template name="msgrel">%t</template>
<template name="msgset">%t</template>
<template name="msgsub">%t</template>
<template name="note">%t</template>
<template name="orderedlist">%t</template>
<template name="part">%t</template>
<template name="partintro">%t</template>
<template name="preface">%t</template>
<template name="procedure">%t</template>
<template name="productionset">%t</template>
<template name="qandadiv">%t</template>
<template name="qandaentry"><Question/>&#160;%n</template>
<template name="qandaset">%t</template>
<template name="question"><Question/>&#160;%n</template>
<template name="reference">%t</template>
<template name="refsynopsisdiv">%t</template>
<template name="segmentedlist">%t</template>
<template name="set">%t</template>
<template name="setindex">%t</template>
<template name="sidebar">%t</template>
<template name="table">%t</template>
<template name="tip">%t</template>
<template name="toc">%t</template>
<template name="variablelist">%t</template>
<template name="varlistentry">%n</template>
<template name="warning">%t</template>
<template name="olink.document.citation"> in %o</template>
<template name="olink.page.citation"> (page %p)</template>
<template name="page.citation"> [%p]</template>
<template name="page">(page %p)</template>
<template name="docname"> in %o</template>
<template name="docnamelong"> in the document titled %o</template>
<template name="pageabbrev">(p. %p)</template>
<template name="Page">Page %p</template>

<template name="bridgehead"><sectioncalled/> <startquote/>%t<endquote/></template>
<template name="refsection"><sectioncalled/> <startquote/>%t<endquote/></template>
<template name="refsect1"><sectioncalled/> <startquote/>%t<endquote/></template>
<template name="refsect2"><sectioncalled/> <startquote/>%t<endquote/></template>
<template name="refsect3"><sectioncalled/> <startquote/>%t<endquote/></template>
<template name="sect1"><sectioncalled/> <startquote/>%t<endquote/></template>
<template name="sect2"><sectioncalled/> <startquote/>%t<endquote/></template>
<template name="sect3"><sectioncalled/> <startquote/>%t<endquote/></template>
<template name="sect4"><sectioncalled/> <startquote/>%t<endquote/></template>
<template name="sect5"><sectioncalled/> <startquote/>%t<endquote/></template>
<template name="section"><sectioncalled/> <startquote/>%t<endquote/></template>
<template name="simplesect"><sectioncalled/> <startquote/>%t<endquote/></template>

</context>

<context name="xref-number">

<template name="answer"><Answer/>&#160;%n</template>
<template name="appendix"><Appendix/>&#160;%n</template>
<template name="bridgehead"><Section/>&#160;%n</template>
<template name="chapter"><Chapter/>&#160;%n</template>
<template name="equation"><Equation/>&#160;%n</template>
<template name="example"><Example/>&#160;%n</template>
<template name="figure"><Figure/>&#160;%n</template>
<template name="part"><Part/>&#160;%n</template>
<template name="procedure"><Procedure/>&#160;%n</template>
<template name="productionset"><ProductionSet/>&#160;%n</template>
<template name="qandadiv"><Qandadiv/>&#160;%n</template>
<template name="qandaentry"><Question/>&#160;%n</template>
<template name="question"><Question/>&#160;%n</template>
<template name="sect1"><Section/>&#160;%n</template>
<template name="sect2"><Section/>&#160;%n</template>
<template name="sect3"><Section/>&#160;%n</template>
<template name="sect4"><Section/>&#160;%n</template>
<template name="sect5"><Section/>&#160;%n</template>
<template name="section"><Section/>&#160;%n</template>
<template name="table"><Table/>&#160;%n</template>

</context>

<context name="xref-number-and-title">

<template name="appendix"><Appendix/>&#160;%n, %t</template>
<template name="bridgehead"><Section/>&#160;%n, <startquote/>%t<endquote/></template>
<template name="chapter"><Chapter/>&#160;%n, %t</template>
<template name="equation"><Equation/>&#160;%n, <startquote/>%t<endquote/></template>
<template name="example"><Example/>&#160;%n, <startquote/>%t<endquote/></template>
<template name="figure"><Figure/>&#160;%n, <startquote/>%t<endquote/></template>
<template name="part"><Part/>&#160;%n, <startquote/>%t<endquote/></template>
<template name="procedure"><Procedure/>&#160;%n, <startquote/>%t<endquote/></template>
<template name="productionset"><ProductionSet/>&#160;%n, <startquote/>%t<endquote/></template>
<template name="qandadiv"><Qandadiv/>&#160;%n, <startquote/>%t<endquote/></template>
<template name="refsect1"><sectioncalled/> <startquote/>%t<endquote/></template>
<template name="refsect2"><sectioncalled/> <startquote/>%t<endquote/></template>
<template name="refsect3"><sectioncalled/> <startquote/>%t<endquote/></template>
<template name="refsection"><sectioncalled/> <startquote/>%t<endquote/></template>
<template name="sect1"><Section/>&#160;%n, <startquote/>%t<endquote/></template>
<template name="sect2"><Section/>&#160;%n, <startquote/>%t<endquote/></template>
<template name="sect3"><Section/>&#160;%n, <startquote/>%t<endquote/></template>
<template name="sect4"><Section/>&#160;%n, <startquote/>%t<endquote/></template>
<template name="sect5"><Section/>&#160;%n, <startquote/>%t<endquote/></template>
<template name="section"><Section/>&#160;%n, <startquote/>%t<endquote/></template>
<template name="simplesect"><sectioncalled/> <startquote/>%t<endquote/></template>
<template name="table"><Table/>&#160;%n, <startquote/>%t<endquote/></template>

</context>

<context name="authorgroup">
<template name="sep"><listcomma/> </template>
<template name="sep2"> <and/> </template>
<template name="seplast"><lastlistcomma/> <and/> </template>
</context>

<context name="glossary">
<template name="see"><GlossSee/> %t.</template>
<template name="seealso"><GlossSeeAlso/> %t.</template>
<template name="seealso-separator">, </template>
</context>

<context name="msgset">
<template name="MsgAud"><MsgAud/>: </template>
<template name="MsgLevel"><MsgLevel/>: </template>
<template name="MsgOrig"><MsgOrig/>: </template>
</context>

<context name="datetime">
<template name="format">m/d/Y</template>
</context>

<context name="termdef">
<template name="prefix">[Definition: </template>
<template name="suffix">]</template>
</context>

<context name="datetime-full">
<template name="January">Janvar</template>
<template name="February">Fevral</template>
<template name="March">Mart</template>
<template name="April">Aprel</template>
<template name="May">May</template>
<template name="June">&#304;yun</template>
<template name="July">&#304;yul</template>
<template name="August">Avqust</template>
<template name="September">Sentyabr</template>
<template name="October">Oktyabr</template>
<template name="November">Noyabr</template>
<template name="December">Dekabr</template>
<template name="Monday">Bazar Ert&#601;si</template>
<template name="Tuesday">&#199;&#601;r&#351;&#601;nb&#601; Ax&#351;am&#305; </template>
<template name="Wednesday">&#199;&#601;r&#351;&#601;nb&#601;</template>
<template name="Thursday">C&#252;m&#601; Ax&#351;am&#305;</template>
<template name="Friday">C&#252;m&#601;</template>
<template name="Saturday">&#350;&#601;nb&#601;</template>
<template name="Sunday">Bazar</template>
</context>

<context name="datetime-abbrev">
<template name="Jan">Yan</template>
<template name="Feb">Fev</template>
<template name="Mar">Mar</template>
<template name="Apr">Apr</template>
<template name="May">May</template>
<template name="Jun">&#304;yn</template>
<template name="Jul">&#304;yl</template>
<template name="Aug">Avq</template>
<template name="Sep">Sen</template>
<template name="Oct">Okt</template>
<template name="Nov">Noy</template>
<template name="Dec">Dek</template>
<template name="Mon">Ber</template>
<template name="Tue">&#199;ax</template>
<template name="Wed">&#199;&#601;r</template>
<template name="Thu">Cax</template>
<template name="Fri">C&#252;m</template>
<template name="Sat">&#350;nb</template>
<template name="Sun">Baz</template>
</context>

<context name="htmlhelp">
<template name="langcode">0x042c Azerbaijani</template>
</context>

<letters>
  <l i="-1"/>
  <l i="0">&#304;&#351;ar&#601;l&#601;r</l>
  <l i="1">A</l>
  <l i="1">a</l>
  <l i="2">B</l>
  <l i="2">b</l>
  <l i="3">C</l>
  <l i="3">c</l>
  <l i="4">&#199;</l>
  <l i="5">&#231;</l>
  <l i="5">D</l>
  <l i="5">d</l>
  <l i="6">E</l>
  <l i="6">e</l>
  <l i="7">e</l>
  <l i="7">e</l>
  <l i="8">&#399;</l>
  <l i="8">&#601;</l>
  <l i="9">G</l>
  <l i="9">g</l>
  <l i="10">&#286;</l>
  <l i="10">&#287;</l>
  <l i="11">H</l>
  <l i="11">h</l>
  <l i="12">X</l>
  <l i="12">x</l>
  <l i="13">I</l>
  <l i="13">&#305;</l>
  <l i="14">&#304;</l>
  <l i="14">i</l>
  <l i="15">J</l>
  <l i="15">j</l>
  <l i="16">K</l>
  <l i="16">k</l>
  <l i="17">Q</l>
  <l i="17">q</l>
  <l i="18">L</l>
  <l i="18">l</l>
  <l i="19">M</l>
  <l i="19">m</l>
  <l i="20">N</l>
  <l i="20">n</l>
  <l i="21">O</l>
  <l i="21">o</l>
  <l i="22">&#214;</l>
  <l i="22">&#246;</l>
  <l i="23">P</l>
  <l i="23">p</l>
  <l i="24">R</l>
  <l i="24">r</l>
  <l i="25">S</l>
  <l i="25">s</l>
  <l i="26">&#350;</l>
  <l i="26">&#351;</l>
  <l i="27">T</l>
  <l i="27">t</l>
  <l i="28">U</l>
  <l i="28">u</l>
  <l i="29">&#220;</l>
  <l i="29">&#252;</l>
  <l i="30">V</l>
  <l i="30">v</l>
  <l i="31">Y</l>
  <l i="31">y</l>
  <l i="32">Z</l>
  <l i="32">z</l>
</letters>

</locale>