<locale language="fr" english-language-name="French">

<info xmlns="http://docbook.org/ns/docbook">
<authorgroup>
  <author><personname><firstname>Sylvain</firstname><surname>Amrani</surname></personname>
  </author>
  <author><personname><firstname>Fr&#233;d&#233;ric</firstname><surname>Boiteux</surname></personname>
      <email>fboiteux@calistel.com</email>
  </author>
</authorgroup>
</info>

<gentext key="Abstract" text="R&#233;sum&#233;"/>
<gentext key="abstract" text="R&#233;sum&#233;"/>
<gentext key="Answer" text="R&#160;:"/>
<gentext key="answer" text="R&#160;:"/>
<gentext key="Appendix" text="Annexe"/>
<gentext key="appendix" text="annexe"/>
<gentext key="Article" text="Article"/>
<gentext key="article" text="Article"/>
<gentext key="Author" text="Auteur"/>
<gentext key="Bibliography" text="Bibliographie"/>
<gentext key="bibliography" text="Bibliographie"/>
<gentext key="Book" text="Livre"/>
<gentext key="book" text="Livre"/>
<gentext key="Caution" text="Attention"/>
<gentext key="caution" text="Attention"/>
<gentext key="CAUTION" text="ATTENTION"/>
<gentext key="Chapter" text="Chapitre"/>
<gentext key="chapter" text="chapitre"/>
<gentext key="Colophon" text="Achev&#233; d'imprimer"/>
<gentext key="colophon" text="Achev&#233; d'imprimer"/>
<gentext key="Copyright" text="Copyright"/>
<gentext key="copyright" text="Copyright"/>
<gentext key="Dedication" text="D&#233;dicace"/>
<gentext key="dedication" text="D&#233;dicace"/>
<gentext key="Edition" text="&#201;dition"/>
<gentext key="edition" text="&#201;dition"/>
<gentext key="Equation" text="&#201;quation"/>
<gentext key="equation" text="&#201;quation"/>
<gentext key="Example" text="Exemple"/>
<gentext key="example" text="Exemple"/>
<gentext key="Figure" text="Figure"/>
<gentext key="figure" text="Figure"/>
<gentext key="Glossary" text="Glossaire"/>
<gentext key="glossary" text="Glossaire"/>
<gentext key="GlossSee" text="Voir"/>
<gentext key="glosssee" text="Voir"/>
<gentext key="GlossSeeAlso" text="Voir aussi"/>
<gentext key="glossseealso" text="Voir aussi"/>
<gentext key="IMPORTANT" text="IMPORTANT"/>
<gentext key="important" text="Important"/>
<gentext key="Important" text="Important"/>
<gentext key="Index" text="Index"/>
<gentext key="index" text="Index"/>
<gentext key="ISBN" text="ISBN"/>
<gentext key="isbn" text="ISBN"/>
<gentext key="LegalNotice" text="Note l&#233;gale"/>
<gentext key="legalnotice" text="Note l&#233;gale"/>
<gentext key="MsgAud" text="Public vis&#233;"/>
<gentext key="msgaud" text="Public vis&#233;"/>
<gentext key="MsgLevel" text="Niveau"/>
<gentext key="msglevel" text="Niveau"/>
<gentext key="MsgOrig" text="Origine"/>
<gentext key="msgorig" text="Origine"/>
<gentext key="NOTE" text="NOTE"/>
<gentext key="Note" text="Note"/>
<gentext key="note" text="Note"/>
<gentext key="Part" text="Partie"/>
<gentext key="part" text="Partie"/>
<gentext key="Preface" text="Pr&#233;face"/>
<gentext key="preface" text="Pr&#233;face"/>
<gentext key="Procedure" text="Proc&#233;dure"/>
<gentext key="procedure" text="Proc&#233;dure"/>
<gentext key="ProductionSet" text="Production"/>
<gentext key="PubDate" text="Date de publication"/>
<gentext key="pubdate" text="Date de publication"/>
<gentext key="Published" text="Publi&#233; le"/>
<gentext key="published" text="Publi&#233; le"/>
<gentext key="Qandadiv" text="Q &amp; R"/>
<gentext key="qandadiv" text="Q &amp; R"/>
<gentext key="Question" text="Q&#160;:"/>
<gentext key="question" text="Q&#160;:"/>
<gentext key="RefEntry" text=""/>
<gentext key="refentry" text=""/>
<gentext key="Reference" text="R&#233;f&#233;rence"/>
<gentext key="reference" text="R&#233;f&#233;rence"/>
<gentext key="RefName" text="Nom"/>
<gentext key="refname" text="Nom"/>
<gentext key="RefSection" text=""/>
<gentext key="refsection" text=""/>
<gentext key="RefSynopsisDiv" text="Synopsis"/>
<gentext key="refsynopsisdiv" text="Synopsis"/>
<gentext key="RevHistory" text="Historique des versions"/>
<gentext key="revhistory" text="Historique des versions"/>
<gentext key="Revision" text="Version"/>
<gentext key="revision" text="Version"/>
<gentext key="sect1" text="Section"/>
<gentext key="sect2" text="Section"/>
<gentext key="sect3" text="Section"/>
<gentext key="sect4" text="Section"/>
<gentext key="sect5" text="Section"/>
<gentext key="section" text="section"/>
<gentext key="Section" text="Section"/>
<gentext key="see" text="voir"/>             
<gentext key="See" text="Voir"/>
<gentext key="seealso" text="voir aussi"/>   
<gentext key="Seealso" text="Voir aussi"/>
<gentext key="SeeAlso" text="Voir Aussi"/>
<gentext key="set" text="Ensemble"/>
<gentext key="Set" text="Ensemble"/>
<gentext key="setindex" text="Index"/>
<gentext key="SetIndex" text="Index"/>
<gentext key="Sidebar" text="Filet vertical"/>
<gentext key="sidebar" text="Filet vertical"/>
<gentext key="step" text="&#233;tape"/>
<gentext key="Step" text="&#201;tape"/>
<gentext key="Table" text="Tableau"/>
<gentext key="table" text="Tableau"/>
<gentext key="tip" text="ASTUCE"/>
<gentext key="TIP" text="ASTUCE"/>
<gentext key="Tip" text="Astuce"/>
<gentext key="Warning" text="Avertissement"/>
<gentext key="WARNING" text="AVERTISSEMENT"/>
<gentext key="warning" text="AVERTISSEMENT"/>

<gentext key="and" text="et"/>
<gentext key="by" text="par"/>
<gentext key="called" text="intitul&#233;"/>
<gentext key="Edited" text="Publi&#233;"/>
<gentext key="edited" text="Publi&#233;"/>
<gentext key="Editedby" text="Publi&#233; par"/>
<gentext key="editedby" text="Publi&#233; par"/>
<gentext key="in" text="dans"/>
<gentext key="lastlistcomma" text=","/>
<gentext key="listcomma" text=","/>
<gentext key="notes" text="Notes"/>
<gentext key="Notes" text="Notes"/>
<gentext key="Pgs" text="Pages"/>
<gentext key="pgs" text="Pages"/>
<gentext key="Revisedby" text="Revu et corrig&#233; par&#160;: "/>
<gentext key="revisedby" text="Revu et corrig&#233; par&#160;: "/>
<gentext key="TableNotes" text="Remarques"/>
<gentext key="tablenotes" text="Remarques"/>
<gentext key="TableofContents" text="Table des mati&#232;res"/>
<gentext key="tableofcontents" text="Table des mati&#232;res"/>
<gentext key="the" text=""/>
<gentext key="unexpectedelementname" text="Nom d'&#233;l&#233;ment inattendu"/>
<gentext key="unsupported" text="Non reconnu par le syst&#232;me"/>
<gentext key="xrefto" text="R&#233;f&#233;rence vers"/>

<gentext key="listofequations" text="Liste des &#233;quations"/>
<gentext key="ListofEquations" text="Liste des &#233;quations"/>
<gentext key="ListofExamples" text="Liste des exemples"/>
<gentext key="listofexamples" text="Liste des exemples"/>
<gentext key="ListofFigures" text="Liste des illustrations"/>
<gentext key="listoffigures" text="Liste des illustrations"/>
<gentext key="ListofProcedures" text="Liste des proc&#233;dures"/>
<gentext key="listofprocedures" text="Liste des proc&#233;dures"/>
<gentext key="listoftables" text="Liste des tableaux"/>
<gentext key="ListofTables" text="Liste des tableaux"/>
<gentext key="ListofUnknown" text="Liste inconnue"/>
<gentext key="listofunknown" text="Liste inconnue"/>

<gentext key="nav-home" text="Sommaire"/>
<gentext key="nav-next" text="Suivant"/>
<gentext key="nav-next-sibling" text="Avance rapide"/>
<gentext key="nav-prev" text="Pr&#233;c&#233;dent"/>
<gentext key="nav-prev-sibling" text="Arri&#232;re rapide"/>
<gentext key="nav-up" text="Niveau sup&#233;rieur"/>
<gentext key="nav-toc" text="TdM"/>

<gentext key="Draft" text="Brouillon"/>
<gentext key="above" text="au-dessus"/>
<gentext key="below" text="au-dessous"/>
<gentext key="sectioncalled" text="la section intitul&#233;e"/>
<gentext key="index symbols" text="Symboles"/>
<gentext key="writing-mode" text="lr-tb"/>

<gentext key="lowercase.alpha" text="abcdefghijklmnopqrstuvwxyz&#226;&#234;&#238;&#244;&#251;&#235;&#239;&#252;&#224;&#232;&#249;&#233;&#231;&#230;&#339;"/>
<gentext key="uppercase.alpha" text="ABCDEFGHIJKLMNOPQRSTUVWXYZ&#194;&#202;&#206;&#212;&#219;&#203;&#207;&#220;&#192;&#200;&#217;&#201;&#199;&#198;&#338;"/>

<dingbat key="startquote" text="&#171;&#160;"/>
<dingbat key="endquote" text="&#160;&#187;"/>
<dingbat key="nestedstartquote" text="&#8220;"/>
<dingbat key="nestedendquote" text="&#8221;"/>
<dingbat key="singlestartquote" text="&#8249;"/>
<dingbat key="singleendquote" text="&#8250;"/>

<dingbat key="bullet" text="&#8226;"/>



<gentext key="hyphenation-character" text="-"/>
<gentext key="hyphenation-push-character-count" text="2"/>
<gentext key="hyphenation-remain-character-count" text="2"/>

<context name="styles">

<template name="person-name">first-last</template>

</context>

<context name="title">

<template name="abstract">%t</template>
<template name="answer">%t</template>
<template name="appendix"><Appendix/>&#160;%n.&#160;%t</template>
<template name="article">%t</template>
<template name="authorblurb">%t</template>
<template name="bibliodiv">%t</template>
<template name="biblioentry">%t</template>
<template name="bibliography">%t</template>
<template name="bibliomixed">%t</template>
<template name="bibliomset">%t</template>
<template name="biblioset">%t</template>
<template name="blockquote">%t</template>
<template name="book">%t</template>
<template name="calloutlist">%t</template>
<template name="caution">%t</template>
<template name="chapter"><Chapter/>&#160;%n.&#160;%t</template>
<template name="colophon">%t</template>
<template name="dedication">%t</template>
<template name="equation"><Equation/>&#160;%n.&#160;%t</template>
<template name="example"><Example/>&#160;%n.&#160;%t</template>
<template name="figure"><Figure/>&#160;%n.&#160;%t</template>
<template name="formalpara">%t</template>
<template name="glossary">%t</template>
<template name="glossdiv">%t</template>
<template name="glossentry">%t</template>
<template name="important">%t</template>
<template name="index">%t</template>
<template name="indexdiv">%t</template>
<template name="itemizedlist">%t</template>
<template name="legalnotice">%t</template>
<template name="listitem"/>
<template name="lot">%t</template>
<template name="msg">%t</template>
<template name="msgexplan">%t</template>
<template name="msgmain">%t</template>
<template name="msgrel">%t</template>
<template name="msgset">%t</template>
<template name="msgsub">%t</template>
<template name="note">%t</template>
<template name="orderedlist">%t</template>
<template name="part">%t</template>
<template name="partintro">%t</template>
<template name="preface">%t</template>
<template name="procedure">%t</template>
<template name="procedure.formal"><Procedure/>&#160;%n.&#160;%t</template>
<template name="productionset">%t</template>
<template name="productionset.formal"><ProductionSet/>&#160;%n</template>
<template name="qandadiv">%t</template>
<template name="qandaentry">%t</template>
<template name="qandaset">%t</template>
<template name="question">%t</template>
<template name="refentry">%t</template>
<template name="reference">%t</template>
<template name="refsection">%t</template>
<template name="refsect1">%t</template>
<template name="refsect2">%t</template>
<template name="refsect3">%t</template>
<template name="refsynopsisdiv">%t</template>
<template name="refsynopsisdivinfo">%t</template>
<template name="segmentedlist">%t</template>
<template name="set">%t</template>
<template name="setindex">%t</template>
<template name="sidebar">%t</template>
<template name="step">%t</template>
<template name="table"><Table/>&#160;%n.&#160;%t</template>
<template name="task">%t</template>
<template name="tip">%t</template>
<template name="toc">%t</template>
<template name="variablelist">%t</template>
<template name="varlistentry"/>
<template name="warning">%t</template>

</context>

<context name="title-unnumbered">

<template name="appendix">%t</template>
<template name="article/appendix">%t</template>
<template name="bridgehead">%t</template>
<template name="chapter">%t</template>
<template name="sect1">%t</template>
<template name="sect2">%t</template>
<template name="sect3">%t</template>
<template name="sect4">%t</template>
<template name="sect5">%t</template>
<template name="section">%t</template>
<template name="simplesect">%t</template>

</context>

<context name="title-numbered">

<template name="appendix"><Appendix/>&#160;%n.&#160;%t</template>
<template name="article/appendix">%n.&#160;%t</template>
<template name="bridgehead">%n.&#160;%t</template>
<template name="chapter"><Chapter/>&#160;%n.&#160;%t</template>
<template name="part"><Part/>&#160;%n.&#160;%t</template>
<template name="sect1">%n.&#160;%t</template>
<template name="sect2">%n.&#160;%t</template>
<template name="sect3">%n.&#160;%t</template>
<template name="sect4">%n.&#160;%t</template>
<template name="sect5">%n.&#160;%t</template>
<template name="section">%n.&#160;%t</template>
<template name="simplesect">%t</template>

</context>

<context name="subtitle">

<template name="appendix">%s</template>
<template name="article">%s</template>
<template name="bibliodiv">%s</template>
<template name="biblioentry">%s</template>
<template name="bibliography">%s</template>
<template name="bibliomixed">%s</template>
<template name="bibliomset">%s</template>
<template name="biblioset">%s</template>
<template name="book">%s</template>
<template name="chapter">%s</template>
<template name="colophon">%s</template>
<template name="dedication">%s</template>
<template name="glossary">%s</template>
<template name="glossdiv">%s</template>
<template name="index">%s</template>
<template name="indexdiv">%s</template>
<template name="lot">%s</template>
<template name="part">%s</template>
<template name="partintro">%s</template>
<template name="preface">%s</template>
<template name="refentry">%s</template>
<template name="reference">%s</template>
<template name="refsection">%s</template>
<template name="refsect1">%s</template>
<template name="refsect2">%s</template>
<template name="refsect3">%s</template>
<template name="refsynopsisdiv">%s</template>
<template name="sect1">%s</template>
<template name="sect2">%s</template>
<template name="sect3">%s</template>
<template name="sect4">%s</template>
<template name="sect5">%s</template>
<template name="section">%s</template>
<template name="set">%s</template>
<template name="setindex">%s</template>
<template name="sidebar">%s</template>
<template name="simplesect">%s</template>
<template name="toc">%s</template>

</context>

<context name="xref">
<template name="abstract">%t</template>
<template name="answer"><Answer/>&#160;%n</template>
<template name="appendix">%t</template>
<template name="article">%t</template>
<template name="authorblurb">%t</template>
<template name="bibliodiv">%t</template>
<template name="bibliography">%t</template>
<template name="bibliomset">%t</template>
<template name="biblioset">%t</template>
<template name="blockquote">%t</template>
<template name="book">%t</template>
<template name="calloutlist">%t</template>
<template name="caution">%t</template>
<template name="chapter">%t</template>
<template name="colophon">%t</template>
<template name="constraintdef">%t</template>
<template name="dedication">%t</template>
<template name="equation">%t</template>
<template name="example">%t</template>
<template name="figure">%t</template>
<template name="formalpara">%t</template>
<template name="glossary">%t</template>
<template name="glossdiv">%t</template>
<template name="important">%t</template>
<template name="index">%t</template>
<template name="indexdiv">%t</template>
<template name="itemizedlist">%t</template>
<template name="legalnotice">%t</template>
<template name="listitem">%n</template>
<template name="lot">%t</template>
<template name="msg">%t</template>
<template name="msgexplan">%t</template>
<template name="msgmain">%t</template>
<template name="msgrel">%t</template>
<template name="msgset">%t</template>
<template name="msgsub">%t</template>
<template name="note">%t</template>
<template name="orderedlist">%t</template>
<template name="part">%t</template>
<template name="partintro">%t</template>
<template name="preface">%t</template>
<template name="procedure">%t</template>
<template name="productionset">%t</template>
<template name="qandadiv">%t</template>
<template name="qandaentry"><Question/>&#160;%n</template>
<template name="qandaset">%t</template>
<template name="question"><Question/>&#160;%n</template>
<template name="reference">%t</template>
<template name="refsynopsisdiv">%t</template>
<template name="segmentedlist">%t</template>
<template name="set">%t</template>
<template name="setindex">%t</template>
<template name="sidebar">%t</template>
<template name="table">%t</template>
<template name="tip">%t</template>
<template name="toc">%t</template>
<template name="variablelist">%t</template>
<template name="varlistentry">%n</template>
<template name="warning">%t</template>
<template name="page.citation"> [%p]</template>
<template name="page">(page %p)</template>
<template name="pageabbrev">(p. %p)</template>
<template name="Page">Page %p</template>

<template name="bridgehead"><sectioncalled/> <startquote/>%t<endquote/></template>
<template name="refsection"><sectioncalled/> <startquote/>%t<endquote/></template>
<template name="refsect1"><sectioncalled/> <startquote/>%t<endquote/></template>
<template name="refsect2"><sectioncalled/> <startquote/>%t<endquote/></template>
<template name="refsect3"><sectioncalled/> <startquote/>%t<endquote/></template>
<template name="sect1"><sectioncalled/> <startquote/>%t<endquote/></template>
<template name="sect2"><sectioncalled/> <startquote/>%t<endquote/></template>
<template name="sect3"><sectioncalled/> <startquote/>%t<endquote/></template>
<template name="sect4"><sectioncalled/> <startquote/>%t<endquote/></template>
<template name="sect5"><sectioncalled/> <startquote/>%t<endquote/></template>
<template name="section"><sectioncalled/> <startquote/>%t<endquote/></template>
<template name="simplesect"><sectioncalled/> <startquote/>%t<endquote/></template>

</context>

<context name="xref-number">

<template name="answer"><Answer/>&#160;%n</template>
<template name="appendix"><Appendix/>&#160;%n</template>
<template name="bridgehead"><Section/>&#160;%n</template>
<template name="chapter"><Chapter/>&#160;%n</template>
<template name="equation"><Equation/>&#160;%n</template>
<template name="example"><Example/>&#160;%n</template>
<template name="figure"><Figure/>&#160;%n</template>
<template name="part"><Part/>&#160;%n</template>
<template name="procedure"><Procedure/>&#160;%n</template>
<template name="productionset"><ProductionSet/>&#160;%n</template>
<template name="qandadiv"><Qandadiv/>&#160;%n</template>
<template name="qandaentry"><Question/>&#160;%n</template>
<template name="question"><Question/>&#160;%n</template>
<template name="sect1"><Section/>&#160;%n</template>
<template name="sect2"><Section/>&#160;%n</template>
<template name="sect3"><Section/>&#160;%n</template>
<template name="sect4"><Section/>&#160;%n</template>
<template name="sect5"><Section/>&#160;%n</template>
<template name="section"><Section/>&#160;%n</template>
<template name="table"><Table/>&#160;%n</template>

</context>

<context name="xref-number-and-title">

<template name="appendix"><Appendix/>&#160;%n, %t</template>
<template name="bridgehead"><Section/>&#160;%n, <startquote/>%t<endquote/></template>
<template name="chapter"><Chapter/>&#160;%n, %t</template>
<template name="equation"><Equation/>&#160;%n, <startquote/>%t<endquote/></template>
<template name="example"><Example/>&#160;%n, <startquote/>%t<endquote/></template>
<template name="figure"><Figure/>&#160;%n, <startquote/>%t<endquote/></template>
<template name="part"><Part/>&#160;%n, <startquote/>%t<endquote/></template>
<template name="procedure"><Procedure/>&#160;%n, <startquote/>%t<endquote/></template>
<template name="productionset"><ProductionSet/>&#160;%n, <startquote/>%t<endquote/></template>
<template name="qandadiv"><Qandadiv/>&#160;%n, <startquote/>%t<endquote/></template>
<template name="refsect1"><sectioncalled/> <startquote/>%t<endquote/></template>
<template name="refsect2"><sectioncalled/> <startquote/>%t<endquote/></template>
<template name="refsect3"><sectioncalled/> <startquote/>%t<endquote/></template>
<template name="refsection"><sectioncalled/> <startquote/>%t<endquote/></template>
<template name="sect1"><Section/>&#160;%n, <startquote/>%t<endquote/></template>
<template name="sect2"><Section/>&#160;%n, <startquote/>%t<endquote/></template>
<template name="sect3"><Section/>&#160;%n, <startquote/>%t<endquote/></template>
<template name="sect4"><Section/>&#160;%n, <startquote/>%t<endquote/></template>
<template name="sect5"><Section/>&#160;%n, <startquote/>%t<endquote/></template>
<template name="section"><Section/>&#160;%n, <startquote/>%t<endquote/></template>
<template name="simplesect"><sectioncalled/> <startquote/>%t<endquote/></template>
<template name="table"><Table/>&#160;%n, <startquote/>%t<endquote/></template>

</context>

<context name="authorgroup">
<template name="sep"><listcomma/> </template>
<template name="sep2"> <and/> </template>
<template name="seplast"><lastlistcomma/> <and/> </template>
</context>

<context name="glossary">
<template name="see"><GlossSee/> %t.</template>
<template name="seealso"><GlossSeeAlso/> %t.</template>
<template name="seealso-separator">, </template>
</context>

<context name="msgset">
<template name="MsgAud"><MsgAud/>: </template>
<template name="MsgLevel"><MsgLevel/>: </template>
<template name="MsgOrig"><MsgOrig/>: </template>
</context>

<context name="datetime">
<template name="format">d/m/Y</template>
</context>

<context name="datetime-full">
<template name="January">janvier</template>
<template name="February">f&#233;vrier</template>
<template name="March">mars</template>
<template name="April">avril</template>
<template name="May">mai</template>
<template name="June">juin</template>
<template name="July">juillet</template>
<template name="August">ao&#251;t</template>
<template name="September">septembre</template>
<template name="October">octobre</template>
<template name="November">novembre</template>
<template name="December">d&#233;cembre</template>
<template name="Monday">lundi</template>
<template name="Tuesday">mardi</template>
<template name="Wednesday">mercredi</template>
<template name="Thursday">jeudi</template>
<template name="Friday">vendredi</template>
<template name="Saturday">samedi</template>
<template name="Sunday">dimanche</template>
</context>

<context name="datetime-abbrev">
<template name="Jan">jan</template>
<template name="Feb">f&#233;v</template>
<template name="Mar">mar</template>
<template name="Apr">avr</template>
<template name="May">mai</template>
<template name="Jun">jun</template>
<template name="Jul">jui</template>
<template name="Aug">ao&#251;</template>
<template name="Sep">sep</template>
<template name="Oct">oct</template>
<template name="Nov">nov</template>
<template name="Dec">d&#233;c</template>
<template name="Mon">lun</template>
<template name="Tue">mar</template>
<template name="Wed">mer</template>
<template name="Thu">jeu</template>
<template name="Fri">ven</template>
<template name="Sat">sam</template>
<template name="Sun">dim</template>
</context>

<context name="htmlhelp">
<template name="langcode">0x040c French (FRANCE)</template>
</context>

<letters>
  <l i="-1"/>
  <l i="0">Symboles</l>
  <l i="1">A</l>
  <l i="1">a</l>
  <l i="1">&#224;</l>
  <l i="1">&#192;</l>
  <l i="1">&#226;</l>
  <l i="1">&#194;</l>
  <l i="1">&#198;</l>
  <l i="1">&#230;</l>
  <l i="2">B</l>
  <l i="2">b</l>
  <l i="3">C</l>
  <l i="3">c</l>
  <l i="3">&#231;</l>
  <l i="4">D</l>
  <l i="4">d</l>
  <l i="5">E</l>
  <l i="5">e</l>
  <l i="5">&#234;</l>
  <l i="5">&#202;</l>
  <l i="5">&#233;</l>
  <l i="5">&#201;</l>
  <l i="5">&#232;</l>
  <l i="5">&#200;</l>
  <l i="5">&#235;</l>
  <l i="5">&#203;</l>
  <l i="5">&#8364;</l>
  <l i="6">F</l>
  <l i="6">f</l>
  <l i="7">G</l>
  <l i="7">g</l>
  <l i="8">H</l>
  <l i="8">h</l>
  <l i="9">I</l>
  <l i="9">i</l>
  <l i="9">&#206;</l>
  <l i="9">&#238;</l>
  <l i="9">&#207;</l>
  <l i="9">&#239;</l>
  <l i="10">J</l>
  <l i="10">j</l>
  <l i="11">K</l>
  <l i="11">k</l>
  <l i="12">L</l>
  <l i="12">l</l>
  <l i="13">M</l>
  <l i="13">m</l>
  <l i="14">N</l>
  <l i="14">n</l>
  <l i="15">O</l>
  <l i="15">o</l>
  <l i="15">&#214;</l>
  <l i="15">&#246;</l>
  <l i="15">&#338;</l>
  <l i="15">&#339;</l>
  <l i="16">P</l>
  <l i="16">p</l>
  <l i="17">Q</l>
  <l i="17">q</l>
  <l i="18">R</l>
  <l i="18">r</l>
  <l i="19">S</l>
  <l i="19">s</l>
  <l i="20">T</l>
  <l i="20">t</l>
  <l i="21">U</l>
  <l i="21">u</l>
  <l i="21">&#217;</l>
  <l i="21">&#249;</l>
  <l i="21">&#219;</l>
  <l i="21">&#251;</l>
  <l i="21">&#220;</l>
  <l i="21">&#252;</l>
  <l i="22">V</l>
  <l i="22">v</l>
  <l i="23">W</l>
  <l i="23">w</l>
  <l i="24">X</l>
  <l i="24">x</l>
  <l i="25">Y</l>
  <l i="25">y</l>
  <l i="26">Z</l>
  <l i="26">z</l>
</letters>

</locale>