<locale language="zh_tw" english-language-name="Chinese (Taiwan)">

<info xmlns="http://docbook.org/ns/docbook">

</info>

<gentext key="Abstract" text="&#25688;&#35201;"/>
<gentext key="abstract" text="&#25688;&#35201;"/>
<gentext key="Answer" text="&#31572;&#65306;"/>
<gentext key="answer" text="&#31572;&#65306;"/>
<gentext key="Appendix" text="&#38468;&#37636;"/>
<gentext key="appendix" text="&#38468;&#37636;"/>
<gentext key="Article" text="&#25991;&#31456;"/>
<gentext key="article" text="&#25991;&#31456;"/>
<gentext key="Bibliography" text="&#21443;&#32771;&#25991;&#29563;"/>
<gentext key="bibliography" text="&#21443;&#32771;&#25991;&#29563;"/>
<gentext key="Book" text="&#26360;&#30446;"/>
<gentext key="book" text="&#26360;&#30446;"/>
<gentext key="CAUTION" text="&#27880;&#24847;"/>
<gentext key="Caution" text="&#27880;&#24847;"/>
<gentext key="caution" text="&#27880;&#24847;"/>
<gentext key="Chapter" text="&#31456;"/>
<gentext key="chapter" text="&#31456;"/>
<gentext key="Colophon" text="&#29256;&#26412;&#35352;&#37636;"/>
<gentext key="colophon" text="&#29256;&#26412;&#35352;&#37636;"/>
<gentext key="Copyright" text="&#29256;&#27402;"/>
<gentext key="copyright" text="&#29256;&#27402;"/>
<gentext key="Dedication" text="&#22857;&#29563;"/>
<gentext key="dedication" text="&#22857;&#29563;"/>
<gentext key="Edition" text="&#29256;"/>
<gentext key="edition" text="&#29256;"/>
<gentext key="Equation" text="&#26041;&#31243;&#24335;"/>
<gentext key="equation" text="&#26041;&#31243;&#24335;"/>
<gentext key="Example" text="&#31684;&#20363;"/>
<gentext key="example" text="&#31684;&#20363;"/>
<gentext key="Figure" text="&#22294;&#24418;"/>
<gentext key="figure" text="&#22294;&#24418;"/>
<gentext key="Glossary" text="&#23567;&#36781;&#24409;"/>
<gentext key="glossary" text="&#23567;&#36781;&#24409;"/>
<gentext key="GlossSee" text="&#21443;&#35211;"/>
<gentext key="glosssee" text="&#21443;&#35211;"/>
<gentext key="GlossSeeAlso" text="&#21478;&#21443;&#35211;"/>
<gentext key="glossseealso" text="&#21478;&#21443;&#35211;"/>
<gentext key="IMPORTANT" text="&#37325;&#35201;"/>
<gentext key="Important" text="&#37325;&#35201;"/>
<gentext key="important" text="&#37325;&#35201;"/>
<gentext key="Index" text="&#32034;&#24341;"/>
<gentext key="index" text="&#32034;&#24341;"/>
<gentext key="ISBN" text="ISBN"/>
<gentext key="isbn" text="ISBN"/>
<gentext key="LegalNotice" text="&#27861;&#24459;&#32882;&#26126;"/>
<gentext key="legalnotice" text="&#27861;&#24459;&#32882;&#26126;"/>
<gentext key="MsgAud" text="&#35712;&#32773;"/>
<gentext key="msgaud" text="&#35712;&#32773;"/>
<gentext key="MsgLevel" text="&#31243;&#24230;"/>
<gentext key="msglevel" text="&#31243;&#24230;"/>
<gentext key="MsgOrig" text="&#20986;&#34389;"/>
<gentext key="msgorig" text="&#20986;&#34389;"/>
<gentext key="NOTE" text="&#27880;&#24847;"/>
<gentext key="Note" text="&#27880;&#24847;"/>
<gentext key="note" text="&#27880;&#24847;"/>
<gentext key="Part" text="&#37096;"/>
<gentext key="part" text="&#37096;"/>
<gentext key="Preface" text="&#24207;&#35328;"/>
<gentext key="preface" text="&#24207;&#35328;"/>
<gentext key="Procedure" text="&#36942;&#31243;"/>
<gentext key="procedure" text="&#36942;&#31243;"/>
<gentext key="ProductionSet" text="Production"/> 
<gentext key="Published" text="&#20986;&#29256;"/>
<gentext key="published" text="&#20986;&#29256;"/>
<gentext key="Qandadiv" text="&#21839;&#65306;&#19988;&#31572;&#65306;"/>
<gentext key="qandadiv" text="&#21839;&#65306;&#19988;&#31572;&#65306;"/>
<gentext key="Question" text="&#21839;&#65306;"/>
<gentext key="question" text="&#21839;&#65306;"/>
<gentext key="RefEntry" text="&#21443;&#29031;&#38917;&#30446;"/>
<gentext key="refentry" text="&#21443;&#29031;&#38917;&#30446;"/>
<gentext key="Reference" text="&#21443;&#32771;"/>
<gentext key="reference" text="&#21443;&#32771;"/>
<gentext key="RefName" text="&#21443;&#32771;&#21517;"/>
<gentext key="refname" text="&#21443;&#32771;&#21517;"/>
<gentext key="RefSection" text="&#21443;&#29031;&#31456;&#31680;"/>
<gentext key="refsection" text="&#21443;&#29031;&#31456;&#31680;"/>
<gentext key="RefSynopsisDiv" text="&#22823;&#32177;"/>
<gentext key="refsynopsisdiv" text="&#22823;&#32177;"/>
<gentext key="RevHistory" text="&#20462;&#35330;&#35352;&#37636;"/>
<gentext key="revhistory" text="&#20462;&#35330;&#35352;&#37636;"/>
<gentext key="Revision" text="&#20462;&#35330;"/>
<gentext key="revision" text="&#20462;&#35330;"/>
<gentext key="sect1" text="Section"/> 
<gentext key="sect2" text="Section"/> 
<gentext key="sect3" text="Section"/> 
<gentext key="sect4" text="Section"/> 
<gentext key="sect5" text="Section"/> 
<gentext key="Section" text="&#31680;"/>
<gentext key="section" text="&#31680;"/>
<gentext key="See" text="&#35211;"/>
<gentext key="see" text="&#35211;"/>
<gentext key="SeeAlso" text="&#21478;&#35211;"/>
<gentext key="Seealso" text="&#21478;&#35211;"/>
<gentext key="seealso" text="&#21478;&#35211;"/>
<gentext key="Set" text="Set"/>
<gentext key="set" text="Set"/>
<gentext key="SetIndex" text="Set Index"/>
<gentext key="setindex" text="Set Index"/>
<gentext key="Sidebar" text=""/>
<gentext key="sidebar" text=""/>
<gentext key="Step" text="&#27493;&#39519;"/>
<gentext key="step" text="&#27493;&#39519;"/>
<gentext key="Table" text="&#34920;&#26684;"/>
<gentext key="table" text="&#34920;&#26684;"/>
<gentext key="TIP" text="&#25552;&#31034;"/>
<gentext key="Tip" text="&#25552;&#31034;"/>
<gentext key="tip" text="&#25552;&#31034;"/>
<gentext key="WARNING" text="&#35686;&#21578;"/>
<gentext key="Warning" text="&#35686;&#21578;"/>
<gentext key="warning" text="&#35686;&#21578;"/>

<gentext key="edited" text="&#32232;&#36655;"/>
<gentext key="Edited" text="&#32232;&#36655;"/>
<gentext key="editedby" text="&#32232;&#36655;"/>
<gentext key="Editedby" text="&#32232;&#36655;"/>
<gentext key="Notes" text="&#27880;"/>
<gentext key="notes" text="&#27880;"/>
<gentext key="Pgs" text="&#38913;"/>
<gentext key="pgs" text="&#38913;"/>
<gentext key="Revisedby" text="&#20462;&#35330;"/>
<gentext key="revisedby" text="&#20462;&#35330;"/>
<gentext key="TableNotes" text="&#27880;&#37323;"/>
<gentext key="tablenotes" text="&#27880;&#37323;"/>
<gentext key="TableofContents" text="&#20839;&#23481;&#30446;&#37636;"/>
<gentext key="tableofcontents" text="&#20839;&#23481;&#30446;&#37636;"/>
<gentext key="and" text="&#19988;"/>
<gentext key="by" text="&#30001;"/>
<gentext key="in" text="&#22312;"/>
<gentext key="lastlistcomma" text=","/>
<gentext key="listcomma" text=","/>
<gentext key="page.citation" text="&#38913;"/>
<gentext key="unexpectedelementname" text="&#38750;&#38928;&#26399;&#30340;&#20803;&#32032;&#21517;"/>
<gentext key="unsupported" text="&#26410;&#25903;&#25588;"/>
<gentext key="xrefto" text="&#21443;&#29031;"/>

<gentext key="ListofEquations" text="&#20844;&#24335;&#30446;&#37636;"/>
<gentext key="listofequations" text="&#20844;&#24335;&#30446;&#37636;"/>
<gentext key="ListofExamples" text="&#31684;&#20363;&#30446;&#37636;"/>
<gentext key="listofexamples" text="&#31684;&#20363;&#30446;&#37636;"/>
<gentext key="ListofFigures" text="&#38468;&#22294;&#30446;&#37636;"/>
<gentext key="listoffigures" text="&#38468;&#22294;&#30446;&#37636;"/>
<gentext key="ListofTables" text="&#38468;&#34920;&#30446;&#37636;"/>
<gentext key="listoftables" text="&#38468;&#34920;&#30446;&#37636;"/>
<gentext key="ListofUnknown" text="&#20854;&#23427;&#20839;&#23481;&#30446;&#37636;"/>
<gentext key="listofunknown" text="&#20854;&#23427;&#20839;&#23481;&#30446;&#37636;"/>

<gentext key="nav-home" text="&#20839;&#23481;"/>
<gentext key="nav-next" text="&#19979;&#19968;&#38913;"/>
<gentext key="nav-next-sibling" text="&#24555;&#36895;&#21521;&#24460;"/>
<gentext key="nav-prev" text="&#21069;&#19968;&#38913;"/>
<gentext key="nav-prev-sibling" text="&#24555;&#36895;&#21521;&#21069;"/>
<gentext key="nav-up" text="&#19978;&#19968;&#23652;"/>

<gentext key="sectioncalled" text="the section called"/> 
<gentext key="Draft" text="Draft"/> 
<gentext key="above" text="above"/> 
<gentext key="below" text="below"/> 
<gentext key="index symbols" text="Symbols"/> 
<gentext key="writing-mode" text="lr-tb"/>

<dingbat key="startquote" text="&#8220;"/>
<dingbat key="endquote" text="&#8221;"/>
<dingbat key="nestedstartquote" text="&#8216;"/>
<dingbat key="nestedendquote" text="&#8217;"/>
<dingbat key="bullet" text="&#8226;"/>

<context name="styles">

<template name="person-name">first-last</template>

</context>

<context name="title">

<template name="abstract">%t</template>
<template name="answer">%t</template>
<template name="appendix"><Appendix/> %n. %t</template>
<template name="article">%t</template>
<template name="authorblurb">%t</template>
<template name="bibliodiv">%t</template>
<template name="biblioentry">%t</template>
<template name="bibliography">%t</template>
<template name="bibliomixed">%t</template>
<template name="bibliomset">%t</template>
<template name="biblioset">%t</template>
<template name="blockquote">%t</template>
<template name="book">%t</template>
<template name="calloutlist">%t</template>
<template name="caution">%t</template>
<template name="chapter"><Chapter/> %n. %t</template>
<template name="colophon">%t</template>
<template name="dedication">%t</template>
<template name="equation"><Equation/> %n. %t</template>
<template name="example"><Example/> %n. %t</template>
<template name="figure"><Figure/> %n. %t</template>
<template name="formalpara">%t</template>
<template name="glossary">%t</template>
<template name="glossdiv">%t</template>
<template name="important">%t</template>
<template name="index">%t</template>
<template name="indexdiv">%t</template>
<template name="itemizedlist">%t</template>
<template name="legalnotice">%t</template>
<template name="listitem"/>
<template name="lot">%t</template>
<template name="msg">%t</template>
<template name="msgexplan">%t</template>
<template name="msgmain">%t</template>
<template name="msgrel">%t</template>
<template name="msgset">%t</template>
<template name="msgsub">%t</template>
<template name="note">%t</template>
<template name="orderedlist">%t</template>
<template name="part"><Part/> %n. %t</template>
<template name="partintro">%t</template>
<template name="preface">%t</template>
<template name="procedure">%t</template>
<template name="procedure.formal"><Procedure/>&#160;%n.&#160;%t</template>
<template name="productionset">%t</template>
<template name="productionset.formal"><ProductionSet/>&#160;%n</template>
<template name="qandadiv">%t</template>
<template name="qandaentry">%t</template>
<template name="qandaset">%t</template>
<template name="question">%t</template>
<template name="refentry">%t</template>
<template name="reference">%t</template>
<template name="refsect1">%t</template>
<template name="refsect2">%t</template>
<template name="refsect3">%t</template>
<template name="refsynopsisdiv">%t</template>
<template name="refsynopsisdivinfo">%t</template>
<template name="segmentedlist">%t</template>
<template name="set">%t</template>
<template name="setindex">%t</template>
<template name="sidebar">%t</template>
<template name="step">%t</template>
<template name="table"><Table/> %n. %t</template>
<template name="tip">%t</template>
<template name="toc">%t</template>
<template name="variablelist">%t</template>
<template name="warning">%t</template>

</context>

<context name="title-unnumbered">

<template name="appendix">%t</template>
<template name="bridgehead">%t</template>
<template name="chapter">%t</template>
<template name="sect1">%t</template>
<template name="sect2">%t</template>
<template name="sect3">%t</template>
<template name="sect4">%t</template>
<template name="sect5">%t</template>
<template name="section">%t</template>
<template name="simplesect">%t</template>

</context>

<context name="title-numbered">

<template name="appendix"><Appendix/> %n. %t</template>
<template name="bridgehead">%t</template>
<template name="chapter"><Chapter/> %n. %t</template>
<template name="part"><Part/>&#160;%n.&#160;%t</template>
<template name="sect1">%n. %t</template>
<template name="sect2">%n. %t</template>
<template name="sect3">%n. %t</template>
<template name="sect4">%n. %t</template>
<template name="sect5">%n. %t</template>
<template name="section">%n. %t</template>
<template name="simplesect">%n. %t</template>

</context>

<context name="subtitle">

<template name="appendix">%s</template>
<template name="article">%s</template>
<template name="bibliodiv">%s</template>
<template name="biblioentry">%s</template>
<template name="bibliography">%s</template>
<template name="bibliomixed">%s</template>
<template name="bibliomset">%s</template>
<template name="biblioset">%s</template>
<template name="book">%s</template>
<template name="chapter">%s</template>
<template name="colophon">%s</template>
<template name="dedication">%s</template>
<template name="glossary">%s</template>
<template name="glossdiv">%s</template>
<template name="index">%s</template>
<template name="indexdiv">%s</template>
<template name="lot">%s</template>
<template name="part">%s</template>
<template name="partintro">%s</template>
<template name="preface">%s</template>
<template name="refentry">%s</template>
<template name="reference">%s</template>
<template name="refsect1">%s</template>
<template name="refsect2">%s</template>
<template name="refsect3">%s</template>
<template name="refsynopsisdiv">%s</template>
<template name="sect1">%s</template>
<template name="sect2">%s</template>
<template name="sect3">%s</template>
<template name="sect4">%s</template>
<template name="sect5">%s</template>
<template name="section">%s</template>
<template name="set">%s</template>
<template name="setindex">%s</template>
<template name="sidebar">%s</template>
<template name="simplesect">%s</template>
<template name="toc">%s</template>

</context>

<context name="xref">
<template name="abstract">%t</template>
<template name="answer"><Answer/>&#160;%n</template>
<template name="appendix">%t</template>
<template name="article">%t</template>
<template name="authorblurb">%t</template>
<template name="bibliodiv">%t</template>
<template name="bibliography">%t</template>
<template name="bibliomset">%t</template>
<template name="biblioset">%t</template>
<template name="blockquote">%t</template>
<template name="book">%t</template>
<template name="calloutlist">%t</template>
<template name="caution">%t</template>
<template name="chapter">%t</template>
<template name="colophon">%t</template>
<template name="constraintdef">%t</template>
<template name="dedication">%t</template>
<template name="equation">%t</template>
<template name="example">%t</template>
<template name="figure">%t</template>
<template name="formalpara">%t</template>
<template name="glossary">%t</template>
<template name="glossdiv">%t</template>
<template name="important">%t</template>
<template name="index">%t</template>
<template name="indexdiv">%t</template>
<template name="itemizedlist">%t</template>
<template name="legalnotice">%t</template>
<template name="listitem">%n</template>
<template name="lot">%t</template>
<template name="msg">%t</template>
<template name="msgexplan">%t</template>
<template name="msgmain">%t</template>
<template name="msgrel">%t</template>
<template name="msgset">%t</template>
<template name="msgsub">%t</template>
<template name="note">%t</template>
<template name="orderedlist">%t</template>
<template name="part">%t</template>
<template name="partintro">%t</template>
<template name="preface">%t</template>
<template name="procedure">%t</template>
<template name="productionset">%t</template>
<template name="qandadiv">%t</template>
<template name="qandaentry"><Question/>&#160;%n</template>
<template name="qandaset">%t</template>
<template name="question"><Question/>&#160;%n</template>
<template name="reference">%t</template>
<template name="refsynopsisdiv">%t</template>
<template name="segmentedlist">%t</template>
<template name="set">%t</template>
<template name="setindex">%t</template>
<template name="sidebar">%t</template>
<template name="table">%t</template>
<template name="tip">%t</template>
<template name="toc">%t</template>
<template name="variablelist">%t</template>
<template name="varlistentry">%n</template>
<template name="warning">%t</template>
<template name="page.citation"> [%p]</template>

<template name="bridgehead"><startquote/>%t<endquote/></template>
<template name="refsection"><startquote/>%t<endquote/></template>
<template name="refsect1"><startquote/>%t<endquote/></template>
<template name="refsect2"><startquote/>%t<endquote/></template>
<template name="refsect3"><startquote/>%t<endquote/></template>
<template name="sect1"><startquote/>%t<endquote/></template>
<template name="sect2"><startquote/>%t<endquote/></template>
<template name="sect3"><startquote/>%t<endquote/></template>
<template name="sect4"><startquote/>%t<endquote/></template>
<template name="sect5"><startquote/>%t<endquote/></template>
<template name="section"><startquote/>%t<endquote/></template>
<template name="simplesect"><startquote/>%t<endquote/></template>

</context>

<context name="xref-number">

<template name="answer"><Answer/>&#160;%n</template>
<template name="appendix"><Appendix/>&#160;%n</template>
<template name="bridgehead"><Section/>&#160;%n</template>
<template name="chapter"><Chapter/>&#160;%n</template>
<template name="equation"><Equation/>&#160;%n</template>
<template name="example"><Example/>&#160;%n</template>
<template name="figure"><Figure/>&#160;%n</template>
<template name="part"><Part/>&#160;%n</template>
<template name="procedure"><Procedure/>&#160;%n</template>
<template name="productionset"><ProductionSet/>&#160;%n</template>
<template name="qandadiv"><Qandadiv/>&#160;%n</template>
<template name="qandaentry"><Question/>&#160;%n</template>
<template name="question"><Question/>&#160;%n</template>
<template name="sect1"><Section/>&#160;%n</template>
<template name="sect2"><Section/>&#160;%n</template>
<template name="sect3"><Section/>&#160;%n</template>
<template name="sect4"><Section/>&#160;%n</template>
<template name="sect5"><Section/>&#160;%n</template>
<template name="section"><Section/>&#160;%n</template>
<template name="table"><Table/>&#160;%n</template>

</context>

<context name="xref-number-and-title">

<template name="appendix"><Appendix/>&#160;%n, %t</template>
<template name="bridgehead"><Section/>&#160;%n, <startquote/>%t<endquote/></template>
<template name="chapter"><Chapter/>&#160;%n, %t</template>
<template name="equation"><Equation/>&#160;%n, <startquote/>%t<endquote/></template>
<template name="example"><Example/>&#160;%n, <startquote/>%t<endquote/></template>
<template name="figure"><Figure/>&#160;%n, <startquote/>%t<endquote/></template>
<template name="part"><Part/>&#160;%n, <startquote/>%t<endquote/></template>
<template name="procedure"><Procedure/>&#160;%n, <startquote/>%t<endquote/></template>
<template name="productionset"><ProductionSet/>&#160;%n, <startquote/>%t<endquote/></template>
<template name="qandadiv"><Qandadiv/>&#160;%n, <startquote/>%t<endquote/></template>
<template name="refsect1"><sectioncalled/> <startquote/>%t<endquote/></template>
<template name="refsect2"><sectioncalled/> <startquote/>%t<endquote/></template>
<template name="refsect3"><sectioncalled/> <startquote/>%t<endquote/></template>
<template name="refsection"><sectioncalled/> <startquote/>%t<endquote/></template>
<template name="sect1"><Section/>&#160;%n, <startquote/>%t<endquote/></template>
<template name="sect2"><Section/>&#160;%n, <startquote/>%t<endquote/></template>
<template name="sect3"><Section/>&#160;%n, <startquote/>%t<endquote/></template>
<template name="sect4"><Section/>&#160;%n, <startquote/>%t<endquote/></template>
<template name="sect5"><Section/>&#160;%n, <startquote/>%t<endquote/></template>
<template name="section"><Section/>&#160;%n, <startquote/>%t<endquote/></template>
<template name="simplesect"><sectioncalled/> <startquote/>%t<endquote/></template>
<template name="table"><Table/>&#160;%n, <startquote/>%t<endquote/></template>

</context>

<context name="authorgroup">
<template name="sep"><listcomma/> </template>
<template name="sep2"> <and/> </template>
<template name="seplast"><lastlistcomma/> <and/> </template>
</context>

<context name="glossary">
<template name="see"><GlossSee/> %t.</template>
<template name="seealso"><GlossSeeAlso/> %t.</template>
<template name="seealso-separator">, </template>
</context>

<context name="msgset">
<template name="MsgAud"><MsgAud/>: </template>
<template name="MsgLevel"><MsgLevel/>: </template>
<template name="MsgOrig"><MsgOrig/>: </template>
</context>

<context name="htmlhelp">
<template name="langcode">0x0404 Chinese (TAIWAN)</template>
</context>

</locale>