<locale language="fa" english-language-name="Farsi">
  <info xmlns="http://docbook.org/ns/docbook">
    <authorgroup>
      <author><personname><firstname>Sina</firstname><surname>Khakbaz</surname></personname>
  <email>sina@khakbaz.com</email>
        
        
        
      </author>
    </authorgroup>
  </info>
  <gentext key="Abstract" text="&#1670;&#1603;&#1610;&#1583;&#1607;"/>
  <gentext key="abstract" text="&#1670;&#1603;&#1610;&#1583;&#1607;"/>
  <gentext key="Answer" text="&#1580;:"/>
  <gentext key="answer" text="&#1580;:"/>
  <gentext key="Appendix" text="&#1662;&#1610;&#1608;&#1587;&#1578;"/>
  <gentext key="appendix" text="&#1662;&#1610;&#1608;&#1587;&#1578;"/>
  <gentext key="Article" text="&#1605;&#1602;&#1575;&#1604;&#1607;"/>
  <gentext key="article" text="&#1605;&#1602;&#1575;&#1604;&#1607;"/>
  <gentext key="Bibliography" text="&#1603;&#1578;&#1575;&#1576;&#8204;&#1588;&#1606;&#1575;&#1587;&#1740;"/>
  <gentext key="bibliography" text="&#1603;&#1578;&#1575;&#1576;&#8204;&#1588;&#1606;&#1575;&#1587;&#1740;"/>
  <gentext key="Book" text="&#1603;&#1578;&#1575;&#1576;"/>
  <gentext key="book" text="&#1603;&#1578;&#1575;&#1576;"/>
  <gentext key="CAUTION" text="&#1575;&#1581;&#1578;&#1610;&#1575;&#1591;"/>
  <gentext key="Caution" text="&#1575;&#1581;&#1578;&#1610;&#1575;&#1591;"/>
  <gentext key="caution" text="&#1575;&#1581;&#1578;&#1610;&#1575;&#1591;"/>
  <gentext key="Chapter" text="&#1601;&#1589;&#1604;"/>
  <gentext key="chapter" text="&#1601;&#1589;&#1604;"/>
  <gentext key="Colophon" text="&#1583;&#1585;&#1576;&#1575;&#1585;&#1607;&#8204;&#1740; &#1606;&#1588;&#1585;&#1610;&#1607;"/>
  <gentext key="colophon" text="&#1583;&#1585;&#1576;&#1575;&#1585;&#1607;&#8204;&#1740; &#1606;&#1588;&#1585;&#1610;&#1607;"/>
  <gentext key="Copyright" text="&#1581;&#1602; &#1591;&#1576;&#1593; &#1608;&#1606;&#1588;&#1585;"/>
  <gentext key="copyright" text="&#1581;&#1602; &#1591;&#1576;&#1593; &#1608;&#1606;&#1588;&#1585;"/>
  <gentext key="Dedication" text="&#1575;&#1607;&#1583;&#1575;&#1569;"/>
  <gentext key="dedication" text="&#1575;&#1607;&#1583;&#1575;&#1569;"/>
  <gentext key="Edition" text="&#1608;&#1610;&#1585;&#1575;&#1610;&#1588;"/>
  <gentext key="edition" text="&#1608;&#1610;&#1585;&#1575;&#1610;&#1588;"/>
  <gentext key="Equation" text="&#1605;&#1593;&#1575;&#1583;&#1604;&#1607;"/>
  <gentext key="equation" text="&#1605;&#1593;&#1575;&#1583;&#1604;&#1607;"/>
  <gentext key="Example" text="&#1605;&#1579;&#1575;&#1604;"/>
  <gentext key="example" text="&#1605;&#1579;&#1575;&#1604;"/>
  <gentext key="Figure" text="&#1588;&#1603;&#1604;"/>
  <gentext key="figure" text="&#1588;&#1603;&#1604;"/>
  <gentext key="Glossary" text="&#1608;&#1575;&#1688;&#1607;&#8204;&#1606;&#1575;&#1605;&#1607;"/>
  <gentext key="glossary" text="&#1608;&#1575;&#1688;&#1607;&#8204;&#1606;&#1575;&#1605;&#1607;"/>
  <gentext key="GlossSee" text="&#1576;&#1576;&#1740;&#1606;&#1583;"/>
  <gentext key="glosssee" text="&#1576;&#1576;&#1740;&#1606;&#1583;"/>
  <gentext key="GlossSeeAlso" text="&#1607;&#1605;&#1670;&#1606;&#1740;&#1606; &#1576;&#1576;&#1740;&#1606;&#1583;"/>
  <gentext key="glossseealso" text="&#1607;&#1605;&#1670;&#1606;&#1740;&#1606; &#1576;&#1576;&#1740;&#1606;&#1583;"/>
  <gentext key="IMPORTANT" text="&#1605;&#1607;&#1605;"/>
  <gentext key="important" text="&#1605;&#1607;&#1605;"/>
  <gentext key="Important" text="&#1605;&#1607;&#1605;"/>
  <gentext key="Index" text="&#1585;&#1575;&#1607;&#1606;&#1605;&#1575;"/>
  <gentext key="index" text="&#1585;&#1575;&#1607;&#1606;&#1605;&#1575;"/>
  <gentext key="ISBN" text="&#1588;&#1575;&#1576;&#1705;"/>
  <gentext key="isbn" text="&#1588;&#1575;&#1576;&#1705;"/>
  <gentext key="LegalNotice" text="&#1575;&#1582;&#1591;&#1575;&#1585; &#1602;&#1575;&#1606;&#1608;&#1606;&#1740;"/>
  <gentext key="legalnotice" text="&#1575;&#1582;&#1591;&#1575;&#1585; &#1602;&#1575;&#1606;&#1608;&#1606;&#1740;"/>
  <gentext key="MsgAud" text="&#1588;&#1606;&#1608;&#1583;&#1711;&#1575;&#1606;"/>
  <gentext key="msgaud" text="&#1588;&#1606;&#1608;&#1583;&#1711;&#1575;&#1606;"/>
  <gentext key="MsgLevel" text="&#1587;&#1591;&#1581; &#1662;&#1740;&#1575;&#1605;"/>
  <gentext key="msglevel" text="&#1587;&#1591;&#1581; &#1662;&#1740;&#1575;&#1605;"/>
  <gentext key="MsgOrig" text="&#1575;&#1589;&#1604;"/>
  <gentext key="msgorig" text="&#1575;&#1589;&#1604;"/>
  <gentext key="NOTE" text="&#1610;&#1575;&#1583;&#1575;&#1588;&#1578;"/>
  <gentext key="Note" text="&#1610;&#1575;&#1583;&#1575;&#1588;&#1578;"/>
  <gentext key="note" text="&#1610;&#1575;&#1583;&#1575;&#1588;&#1578;"/>
  <gentext key="Part" text="&#1576;&#1582;&#1588;"/>
  <gentext key="part" text="&#1576;&#1582;&#1588;"/>
  <gentext key="Preface" text="&#1583;&#1610;&#1576;&#1575;&#1670;&#1607;"/>
  <gentext key="preface" text="&#1583;&#1610;&#1576;&#1575;&#1670;&#1607;"/>
  <gentext key="Procedure" text="&#1585;&#1608;&#1610;&#1607;"/>
  <gentext key="procedure" text="&#1585;&#1608;&#1610;&#1607;"/>
  <gentext key="ProductionSet" text="&#1578;&#1608;&#1604;&#1610;&#1583;"/>
  <gentext key="PubDate" text="&#1578;&#1575;&#1585;&#1740;&#1582; &#1575;&#1606;&#1578;&#1588;&#1575;&#1585;"/>
  <gentext key="pubdate" text="&#1578;&#1575;&#1585;&#1740;&#1582; &#1575;&#1606;&#1578;&#1588;&#1575;&#1585;"/>
  <gentext key="Published" text="&#1605;&#1606;&#1578;&#1588;&#1585;&#8204;&#1588;&#1583;&#1607;"/>
  <gentext key="published" text="&#1605;&#1606;&#1578;&#1588;&#1585;&#8204;&#1588;&#1583;&#1607;"/>
  <gentext key="Qandadiv" text="&#1662;&#1585;&#1587;&#1588; &#1608;&#8204; &#1662;&#1575;&#1587;&#1582;"/>
  <gentext key="qandadiv" text="&#1662;&#1585;&#1587;&#1588; &#1608; &#1662;&#1575;&#1587;&#1582;"/>
  <gentext key="Question" text=":&#1662;&#1585;&#1587;&#1588;"/>
  <gentext key="question" text=":&#1662;&#1585;&#1587;&#1588;"/>
  <gentext key="RefEntry" text="&#1601;&#1602;&#1585;&#1607;"/>
  <gentext key="refentry" text="&#1601;&#1602;&#1585;&#1607;"/>
  <gentext key="Reference" text="&#1575;&#1585;&#1580;&#1575;&#1593;"/>
  <gentext key="reference" text="&#1575;&#1585;&#1580;&#1575;&#1593;"/>
  <gentext key="RefName" text="&#1606;&#1575;&#1605;"/>
  <gentext key="refname" text="&#1606;&#1575;&#1605;"/>
  <gentext key="RefSection" text="&#1602;&#1587;&#1605;&#1578;"/>
  <gentext key="refsection" text="&#1602;&#1587;&#1605;&#1578;"/>
  <gentext key="RefSynopsisDiv" text="&#1605;&#1582;&#1578;&#1589;&#1585;"/>
  <gentext key="refsynopsisdiv" text="&#1605;&#1582;&#1578;&#1589;&#1585;"/>
  <gentext key="RevHistory" text="&#1578;&#1575;&#1585;&#1610;&#1582; &#1576;&#1575;&#1586;&#1576;&#1610;&#1606;&#1740;"/>
  <gentext key="revhistory" text="&#1578;&#1575;&#1585;&#1610;&#1582; &#1576;&#1575;&#1586;&#1576;&#1610;&#1606;&#1740;"/>
  <gentext key="revision" text="&#1576;&#1575;&#1586;&#1576;&#1610;&#1606;&#1740;"/>
  <gentext key="Revision" text="&#1576;&#1575;&#1586; &#1576;&#1610;&#1606;&#1740;"/>
  <gentext key="sect1" text="&#1602;&#1587;&#1605;&#1578;"/>
  <gentext key="sect2" text="&#1602;&#1587;&#1605;&#1578;"/>
  <gentext key="sect3" text="&#1602;&#1587;&#1605;&#1578;"/>
  <gentext key="sect4" text="&#1602;&#1587;&#1605;&#1578;"/>
  <gentext key="sect5" text="&#1602;&#1587;&#1605;&#1578;"/>
  <gentext key="section" text="&#1602;&#1587;&#1605;&#1578;"/>
  <gentext key="Section" text="&#1602;&#1587;&#1605;&#1578;"/>
  <gentext key="see" text="&#1576;&#1576;&#1740;&#1606;&#1583;"/>
  
  <gentext key="See" text="&#1576;&#1576;&#1740;&#1606;&#1583;"/>
  <gentext key="seealso" text="&#1607;&#1605;&#1670;&#1606;&#1740;&#1606; &#1576;&#1576;&#1740;&#1606;&#1583;"/>
  
  <gentext key="Seealso" text="&#1607;&#1605;&#1670;&#1606;&#1740;&#1606; &#1576;&#1576;&#1740;&#1606;&#1583;"/>
  <gentext key="SeeAlso" text="&#1607;&#1605;&#1670;&#1606;&#1740;&#1606; &#1576;&#1576;&#1740;&#1606;&#1583;"/>
  <gentext key="set" text="&#1605;&#1580;&#1605;&#1608;&#1593;&#1607;"/>
  <gentext key="Set" text="&#1605;&#1580;&#1605;&#1608;&#1593;&#1607;"/>
  <gentext key="setindex" text="&#1585;&#1575;&#1607;&#1606;&#1605;&#1575;&#1740; &#1605;&#1580;&#1605;&#1608;&#1593;&#1607;"/>
  <gentext key="SetIndex" text="&#1585;&#1575;&#1607;&#1606;&#1605;&#1575;&#1740; &#1605;&#1580;&#1605;&#1608;&#1593;&#1607;"/>
  <gentext key="Sidebar" text="&#1606;&#1608;&#1575;&#1585; &#1705;&#1606;&#1575;&#1585;&#1740;"/>
  <gentext key="sidebar" text="&#1606;&#1608;&#1575;&#1585; &#1705;&#1606;&#1575;&#1585;&#1740;"/>
  <gentext key="step" text="&#1711;&#1575;&#1605;"/>
  <gentext key="Step" text="&#1711;&#1575;&#1605;"/>
  <gentext key="Table" text="&#1580;&#1583;&#1608;&#1604;"/>
  <gentext key="table" text="&#1580;&#1583;&#1608;&#1604;"/>
  <gentext key="tip" text="&#1606;&#1705;&#1578;&#1607;"/>
  <gentext key="TIP" text="&#1606;&#1705;&#1578;&#1607;"/>
  <gentext key="Tip" text="&#1606;&#1705;&#1578;&#1607;"/>
  <gentext key="Warning" text="&#1607;&#1588;&#1583;&#1575;&#1585;"/>
  <gentext key="warning" text="&#1607;&#1588;&#1583;&#1575;&#1585;"/>
  <gentext key="WARNING" text="&#1607;&#1588;&#1583;&#1575;&#1585;"/>
  <gentext key="and" text="&#1608;"/>
  <gentext key="by" text="&#1578;&#1608;&#1587;&#1591;"/>
  <gentext key="called" text="&#1576;&#1606;&#1575;&#1605;"/>
  <gentext key="Edited" text="&#1608;&#1740;&#1585;&#1575;&#1740;&#1588; &#1588;&#1583;&#1607;"/>
  <gentext key="edited" text="&#1608;&#1740;&#1585;&#1575;&#1740;&#1588; &#1588;&#1583;&#1607;"/>
  <gentext key="Editedby" text="&#1608;&#1740;&#1585;&#1575;&#1740;&#1587;&#1578;&#1575;&#1585;"/>
  <gentext key="editedby" text="&#1608;&#1740;&#1585;&#1575;&#1740;&#1587;&#1578;&#1575;&#1585;"/>
  <gentext key="in" text="&#1583;&#1585;"/>
  <gentext key="lastlistcomma" text="&#1548;"/>
  <gentext key="listcomma" text="&#1548;"/>
  <gentext key="notes" text="&#1610;&#1575;&#1583;&#1575;&#1588;&#1578;&#8204;&#1607;&#1575;"/>
  <gentext key="Notes" text="&#1610;&#1575;&#1583;&#1575;&#1588;&#1578;&#8204;&#1607;&#1575;"/>
  <gentext key="Pgs" text="&#1589;&#1601;&#1581;&#1607;"/>
  <gentext key="pgs" text="&#1589;&#1601;&#1581;&#1607;"/>
  <gentext key="Revisedby" text=" :&#1576;&#1575;&#1586;&#1576;&#1610;&#1606;&#1740; &#1588;&#1583;&#1607; &#1576;&#1608;&#1587;&#1740;&#1604;&#1607;&#8204;&#1740;"/>
  <gentext key="revisedby" text=" :&#1576;&#1575;&#1586;&#1576;&#1610;&#1606;&#1587; &#1588;&#1583;&#1607; &#1576;&#1608;&#1587;&#1740;&#1604;&#1607;&#8204;&#1740;"/>
  <gentext key="TableNotes" text="&#1610;&#1575;&#1583;&#1575;&#1588;&#1578;&#8204;&#1607;&#1575;"/>
  <gentext key="tablenotes" text="&#1610;&#1575;&#1583;&#1575;&#1588;&#1578;&#8204;&#1607;&#1575;"/>
  <gentext key="TableofContents" text="&#1601;&#1607;&#1585;&#1587;&#1578;"/>
  <gentext key="tableofcontents" text="&#1601;&#1607;&#1585;&#1587;&#1578;"/>
  <gentext key="the" text=""/>
  <gentext key="unexpectedelementname" text="&#1606;&#1575;&#1605; &#1593;&#1606;&#1589;&#1585;&#1594;&#1610;&#1585;&#1605;&#1606;&#1578;&#1592;&#1585;&#1607;"/>
  <gentext key="unsupported" text="&#1662;&#1588;&#1578;&#1610;&#1576;&#1575;&#1606;&#1740; &#1606;&#1588;&#1583;&#1607;"/>
  <gentext key="xrefto" text="&#1575;&#1585;&#1580;&#1575;&#1593; &#1576;&#1607;"/>
  <gentext key="listofequations" text="&#1601;&#1607;&#1585;&#1587;&#1578; &#1605;&#1593;&#1575;&#1583;&#1604;&#1575;&#1578;"/>
  <gentext key="ListofEquations" text="&#1601;&#1607;&#1585;&#1587;&#1578; &#1605;&#1593;&#1575;&#1583;&#1604;&#1575;&#1578;"/>
  <gentext key="ListofExamples" text="&#1601;&#1607;&#1585;&#1587;&#1578; &#1575;&#1605;&#1579;&#1575;&#1604;"/>
  <gentext key="listofexamples" text="&#1601;&#1607;&#1585;&#1587;&#1578; &#1575;&#1605;&#1579;&#1575;&#1604;"/>
  <gentext key="ListofFigures" text="&#1601;&#1607;&#1585;&#1587;&#1578; &#1575;&#1588;&#1705;&#1575;&#1604;"/>
  <gentext key="listoffigures" text="&#1601;&#1607;&#1585;&#1587;&#1578; &#1575;&#1588;&#1705;&#1575;&#1604;"/>
  <gentext key="ListofProcedures" text="&#1601;&#1607;&#1585;&#1587;&#1578; &#1585;&#1608;&#1606;&#1583;&#8204;&#1607;&#1575;"/>
  <gentext key="listofprocedures" text="&#1601;&#1607;&#1585;&#1587;&#1578; &#1585;&#1608;&#1606;&#1583;&#8204;&#1607;&#1575;"/>
  <gentext key="listoftables" text="&#1601;&#1607;&#1585;&#1587;&#1578; &#1580;&#1583;&#1608;&#1604;&#8204;&#1607;&#1575;"/>
  <gentext key="ListofTables" text="&#1601;&#1607;&#1585;&#1587;&#1578; &#1580;&#1583;&#1608;&#1604;&#8204;&#1607;&#1575;"/>
  <gentext key="ListofUnknown" text="&#1601;&#1607;&#1585;&#1587;&#1578; &#1606;&#1575;&#1583;&#1575;&#1606;&#1587;&#1578;&#1607;&#8204;&#1607;&#1575;"/>
  <gentext key="listofunknown" text="&#1601;&#1607;&#1585;&#1587;&#1578; &#1606;&#1575;&#1583;&#1575;&#1606;&#1587;&#1578;&#1607;&#8204;&#1607;&#1575;"/>
  <gentext key="nav-home" text="&#1582;&#1575;&#1606;&#1607;"/>
  <gentext key="nav-next" text="&#1576;&#1593;&#1583;&#1740;"/>
  <gentext key="nav-next-sibling" text="&#1607;&#1605;&#8204;&#1606;&#1610;&#1575;&#1740; &#1576;&#1593;&#1583;&#1740;"/>
  <gentext key="nav-prev" text="&#1602;&#1576;&#1604;&#1740;"/>
  <gentext key="nav-prev-sibling" text="&#1607;&#1605;&#8204;&#1606;&#1610;&#1575;&#1740; &#1602;&#1576;&#1604;&#1740;"/>
  <gentext key="nav-up" text="&#1576;&#1575;&#1604;&#1575;"/>
  <gentext key="nav-toc" text="&#1601;&#1607;&#1585;&#1587;&#1578;"/>
  <gentext key="Draft" text="&#1662;&#1610;&#1588;&#8204;&#1606;&#1608;&#1610;&#1587;"/>
  <gentext key="above" text="&#1583;&#1585;&#8204;&#1576;&#1575;&#1604;&#1575;"/>
  <gentext key="below" text="&#1583;&#1585;&#8204;&#1662;&#1575;&#1740;&#1740;&#1606;"/>
  <gentext key="sectioncalled" text="&#1576;&#1582;&#1588;&#1740; &#1576;&#1606;&#1575;&#1605;"/>
  <gentext key="index symbols" text="&#1587;&#1605;&#1576;&#1604;&#8204;&#1607;&#1575;&#1740; &#1585;&#1575;&#1607;&#1606;&#1605;&#1575;"/>
  <gentext key="writing-mode" text="rl-tb"/>
  <gentext key="lowercase.alpha" text="&#1575; &#1576; &#1662; &#1578; &#1579; &#1580; &#1670; &#1581; &#1582; &#1583; &#1584; &#1585; &#1586; &#1688;&#1587; &#1588; &#1589; &#1590; &#1593; &#1594; &#1601; &#1602; &#1705; &#1711; &#1604; &#1605; &#1606; &#1608; &#1607; &#1740;"/>
  <gentext key="uppercase.alpha" text="&#1575; &#1576; &#1662; &#1578; &#1579; &#1580; &#1670; &#1581; &#1582; &#1583; &#1584; &#1585; &#1586; &#1688;&#1587; &#1588; &#1589; &#1590; &#1593; &#1594; &#1601; &#1602; &#1705; &#1711; &#1604; &#1605; &#1606; &#1608; &#1607; &#1740;"/>
  <dingbat key="startquote" text="&#8220;"/>
  <dingbat key="endquote" text="&#8221;"/>
  <dingbat key="nestedstartquote" text="&#8216;"/>
  <dingbat key="nestedendquote" text="&#8217;"/>
  <dingbat key="singlestartquote" text="&#8216;"/>
  <dingbat key="singleendquote" text="&#8217;"/>
  <dingbat key="bullet" text="&#8226;"/>
  
  <gentext key="hyphenation-character" text="-"/>
  <gentext key="hyphenation-push-character-count" text="2"/>
  <gentext key="hyphenation-remain-character-count" text="2"/>
  <context name="styles">
    <template name="person-name">first-last</template>
  </context>
  <context name="title">
    <template name="abstract">%t</template>
    <template name="answer">%t</template>
    <template name="appendix">
      <Appendix/>&#160;%n.&#160;%t</template>
    <template name="article">%t</template>
    <template name="authorblurb">%t</template>
    <template name="bibliodiv">%t</template>
    <template name="biblioentry">%t</template>
    <template name="bibliography">%t</template>
    <template name="bibliolist">%t</template>
    <template name="bibliomixed">%t</template>
    <template name="bibliomset">%t</template>
    <template name="biblioset">%t</template>
    <template name="blockquote">%t</template>
    <template name="book">%t</template>
    <template name="calloutlist">%t</template>
    <template name="caution">%t</template>
    <template name="chapter">
      <Chapter/>&#160;%n.&#160;%t</template>
    <template name="colophon">%t</template>
    <template name="dedication">%t</template>
    <template name="equation">
      <Equation/>&#160;%n.&#160;%t</template>
    <template name="example">
      <Example/>&#160;%n.&#160;%t</template>
    <template name="figure">
      <Figure/>&#160;%n.&#160;%t</template>
    <template name="foil">%t</template>
    
    <template name="foilgroup">%t</template>
    
    <template name="formalpara">%t</template>
    <template name="glossary">%t</template>
    <template name="glossdiv">%t</template>
    <template name="glosslist">%t</template>
    <template name="glossentry">%t</template>
    <template name="important">%t</template>
    <template name="index">%t</template>
    <template name="indexdiv">%t</template>
    <template name="itemizedlist">%t</template>
    <template name="legalnotice">%t</template>
    <template name="listitem"/>
    <template name="lot">%t</template>
    <template name="msg">%t</template>
    <template name="msgexplan">%t</template>
    <template name="msgmain">%t</template>
    <template name="msgrel">%t</template>
    <template name="msgset">%t</template>
    <template name="msgsub">%t</template>
    <template name="note">%t</template>
    <template name="orderedlist">%t</template>
    <template name="part">
      <Part/>&#160;%n.&#160;%t</template>
    <template name="partintro">%t</template>
    <template name="preface">%t</template>
    <template name="procedure">%t</template>
    <template name="procedure.formal">
      <Procedure/>&#160;%n.&#160;%t</template>
    <template name="productionset">%t</template>
    <template name="productionset.formal">
      <ProductionSet/>&#160;%n</template>
    <template name="qandadiv">%t</template>
    <template name="qandaentry">%t</template>
    <template name="qandaset">%t</template>
    <template name="question">%t</template>
    <template name="refentry">%t</template>
    <template name="reference">%t</template>
    <template name="refsection">%t</template>
    <template name="refsect1">%t</template>
    <template name="refsect2">%t</template>
    <template name="refsect3">%t</template>
    <template name="refsynopsisdiv">%t</template>
    <template name="refsynopsisdivinfo">%t</template>
    <template name="segmentedlist">%t</template>
    <template name="set">%t</template>
    <template name="setindex">%t</template>
    <template name="sidebar">%t</template>
    <template name="step">%t</template>
    <template name="table">
      <Table/>&#160;%n.&#160;%t</template>
    <template name="task">%t</template>
    <template name="tip">%t</template>
    <template name="toc">%t</template>
    <template name="variablelist">%t</template>
    <template name="varlistentry"/>
    <template name="warning">%t</template>
  </context>
  <context name="title-unnumbered">
    <template name="appendix">%t</template>
    <template name="article/appendix">%t</template>
    <template name="bridgehead">%t</template>
    <template name="chapter">%t</template>
    <template name="sect1">%t</template>
    <template name="sect2">%t</template>
    <template name="sect3">%t</template>
    <template name="sect4">%t</template>
    <template name="sect5">%t</template>
    <template name="section">%t</template>
    <template name="simplesect">%t</template>
  </context>
  <context name="title-numbered">
    <template name="appendix">
      <Appendix/>&#160;%n.&#160;%t</template>
    <template name="article/appendix">%n.&#160;%t</template>
    <template name="bridgehead">%n.&#160;%t</template>
    <template name="chapter">
      <Chapter/>&#160;%n.&#160;%t</template>
    <template name="part">
      <Part/>&#160;%n.&#160;%t</template>
    <template name="sect1">%n.&#160;%t</template>
    <template name="sect2">%n.&#160;%t</template>
    <template name="sect3">%n.&#160;%t</template>
    <template name="sect4">%n.&#160;%t</template>
    <template name="sect5">%n.&#160;%t</template>
    <template name="section">%n.&#160;%t</template>
    <template name="simplesect">%t</template>
  </context>
  <context name="subtitle">
    <template name="appendix">%s</template>
    <template name="article">%s</template>
    <template name="bibliodiv">%s</template>
    <template name="biblioentry">%s</template>
    <template name="bibliography">%s</template>
    <template name="bibliomixed">%s</template>
    <template name="bibliomset">%s</template>
    <template name="biblioset">%s</template>
    <template name="book">%s</template>
    <template name="chapter">%s</template>
    <template name="colophon">%s</template>
    <template name="dedication">%s</template>
    <template name="glossary">%s</template>
    <template name="glossdiv">%s</template>
    <template name="index">%s</template>
    <template name="indexdiv">%s</template>
    <template name="lot">%s</template>
    <template name="part">%s</template>
    <template name="partintro">%s</template>
    <template name="preface">%s</template>
    <template name="refentry">%s</template>
    <template name="reference">%s</template>
    <template name="refsection">%s</template>
    <template name="refsect1">%s</template>
    <template name="refsect2">%s</template>
    <template name="refsect3">%s</template>
    <template name="refsynopsisdiv">%s</template>
    <template name="sect1">%s</template>
    <template name="sect2">%s</template>
    <template name="sect3">%s</template>
    <template name="sect4">%s</template>
    <template name="sect5">%s</template>
    <template name="section">%s</template>
    <template name="set">%s</template>
    <template name="setindex">%s</template>
    <template name="sidebar">%s</template>
    <template name="simplesect">%s</template>
    <template name="toc">%s</template>
  </context>
  <context name="xref">
    <template name="abstract">%t</template>
    <template name="answer">
      <Answer/>&#160;%n</template>
    <template name="appendix">%t</template>
    <template name="article">%t</template>
    <template name="authorblurb">%t</template>
    <template name="bibliodiv">%t</template>
    <template name="bibliography">%t</template>
    <template name="bibliomset">%t</template>
    <template name="biblioset">%t</template>
    <template name="blockquote">%t</template>
    <template name="book">%t</template>
    <template name="calloutlist">%t</template>
    <template name="caution">%t</template>
    <template name="chapter">%t</template>
    <template name="colophon">%t</template>
    <template name="constraintdef">%t</template>
    <template name="dedication">%t</template>
    <template name="equation">%t</template>
    <template name="example">%t</template>
    <template name="figure">%t</template>
    <template name="foil">%t</template>
    
    <template name="foilgroup">%t</template>
    
    <template name="formalpara">%t</template>
    <template name="glossary">%t</template>
    <template name="glossdiv">%t</template>
    <template name="important">%t</template>
    <template name="index">%t</template>
    <template name="indexdiv">%t</template>
    <template name="itemizedlist">%t</template>
    <template name="legalnotice">%t</template>
    <template name="listitem">%n</template>
    <template name="lot">%t</template>
    <template name="msg">%t</template>
    <template name="msgexplan">%t</template>
    <template name="msgmain">%t</template>
    <template name="msgrel">%t</template>
    <template name="msgset">%t</template>
    <template name="msgsub">%t</template>
    <template name="note">%t</template>
    <template name="orderedlist">%t</template>
    <template name="part">%t</template>
    <template name="partintro">%t</template>
    <template name="preface">%t</template>
    <template name="procedure">%t</template>
    <template name="productionset">%t</template>
    <template name="qandadiv">%t</template>
    <template name="qandaentry">
      <Question/>&#160;%n</template>
    <template name="qandaset">%t</template>
    <template name="question">
      <Question/>&#160;%n</template>
    <template name="reference">%t</template>
    <template name="refsynopsisdiv">%t</template>
    <template name="segmentedlist">%t</template>
    <template name="set">%t</template>
    <template name="setindex">%t</template>
    <template name="sidebar">%t</template>
    <template name="table">%t</template>
    <template name="tip">%t</template>
    <template name="toc">%t</template>
    <template name="variablelist">%t</template>
    <template name="varlistentry">%n</template>
    <template name="warning">%t</template>
    <template name="olink.document.citation"> in %o</template>
    <template name="olink.page.citation"> (%p &#1589;&#1601;&#1581;&#1607;&#8204;&#1740;)</template>
    <template name="page.citation"> [%p]</template>
    <template name="page">(%p &#1589;&#1601;&#1581;&#1607;&#8204;&#1740;)</template>
    <template name="docname"> %o&#1583;&#1585; </template>
    <template name="docnamelong">%o &#1583;&#1585; &#1605;&#1587;&#1578;&#1606;&#1583;&#1740; &#1576;&#1606;&#1575;&#1605; </template>
    <template name="pageabbrev">(%p &#1589;)</template>
    <template name="Page">%p &#1589;&#1601;&#1581;&#1607;&#8204;&#1740;</template>
    <template name="bridgehead">
      <sectioncalled/>
      <startquote/>%t<endquote/>
    </template>
    <template name="refsection">
      <sectioncalled/>
      <startquote/>%t<endquote/>
    </template>
    <template name="refsect1">
      <sectioncalled/>
      <startquote/>%t<endquote/>
    </template>
    <template name="refsect2">
      <sectioncalled/>
      <startquote/>%t<endquote/>
    </template>
    <template name="refsect3">
      <sectioncalled/>
      <startquote/>%t<endquote/>
    </template>
    <template name="sect1">
      <sectioncalled/>
      <startquote/>%t<endquote/>
    </template>
    <template name="sect2">
      <sectioncalled/>
      <startquote/>%t<endquote/>
    </template>
    <template name="sect3">
      <sectioncalled/>
      <startquote/>%t<endquote/>
    </template>
    <template name="sect4">
      <sectioncalled/>
      <startquote/>%t<endquote/>
    </template>
    <template name="sect5">
      <sectioncalled/>
      <startquote/>%t<endquote/>
    </template>
    <template name="section">
      <sectioncalled/>
      <startquote/>%t<endquote/>
    </template>
    <template name="simplesect">
      <sectioncalled/>
      <startquote/>%t<endquote/>
    </template>
  </context>
  <context name="xref-number">
    <template name="answer">
      <Answer/>&#160;%n</template>
    <template name="appendix">
      <Appendix/>&#160;%n</template>
    <template name="bridgehead">
      <Section/>&#160;%n</template>
    <template name="chapter">
      <Chapter/>&#160;%n</template>
    <template name="equation">
      <Equation/>&#160;%n</template>
    <template name="example">
      <Example/>&#160;%n</template>
    <template name="figure">
      <Figure/>&#160;%n</template>
    <template name="part">
      <Part/>&#160;%n</template>
    <template name="procedure">
      <Procedure/>&#160;%n</template>
    <template name="productionset">
      <ProductionSet/>&#160;%n</template>
    <template name="qandadiv">
      <Qandadiv/>&#160;%n</template>
    <template name="qandaentry">
      <Question/>&#160;%n</template>
    <template name="question">
      <Question/>&#160;%n</template>
    <template name="sect1">
      <Section/>&#160;%n</template>
    <template name="sect2">
      <Section/>&#160;%n</template>
    <template name="sect3">
      <Section/>&#160;%n</template>
    <template name="sect4">
      <Section/>&#160;%n</template>
    <template name="sect5">
      <Section/>&#160;%n</template>
    <template name="section">
      <Section/>&#160;%n</template>
    <template name="table">
      <Table/>&#160;%n</template>
  </context>
  <context name="xref-number-and-title">
    <template name="appendix">
      <Appendix/>&#160;%n, %t</template>
    <template name="bridgehead">
      <Section/>&#160;%n, <startquote/>%t<endquote/>
    </template>
    <template name="chapter">
      <Chapter/>&#160;%n, %t</template>
    <template name="equation">
      <Equation/>&#160;%n, <startquote/>%t<endquote/>
    </template>
    <template name="example">
      <Example/>&#160;%n, <startquote/>%t<endquote/>
    </template>
    <template name="figure">
      <Figure/>&#160;%n, <startquote/>%t<endquote/>
    </template>
    <template name="part">
      <Part/>&#160;%n, <startquote/>%t<endquote/>
    </template>
    <template name="procedure">
      <Procedure/>&#160;%n, <startquote/>%t<endquote/>
    </template>
    <template name="productionset">
      <ProductionSet/>&#160;%n, <startquote/>%t<endquote/>
    </template>
    <template name="qandadiv">
      <Qandadiv/>&#160;%n, <startquote/>%t<endquote/>
    </template>
    <template name="refsect1">
      <sectioncalled/>
      <startquote/>%t<endquote/>
    </template>
    <template name="refsect2">
      <sectioncalled/>
      <startquote/>%t<endquote/>
    </template>
    <template name="refsect3">
      <sectioncalled/>
      <startquote/>%t<endquote/>
    </template>
    <template name="refsection">
      <sectioncalled/>
      <startquote/>%t<endquote/>
    </template>
    <template name="sect1">
      <Section/>&#160;%n, <startquote/>%t<endquote/>
    </template>
    <template name="sect2">
      <Section/>&#160;%n, <startquote/>%t<endquote/>
    </template>
    <template name="sect3">
      <Section/>&#160;%n, <startquote/>%t<endquote/>
    </template>
    <template name="sect4">
      <Section/>&#160;%n, <startquote/>%t<endquote/>
    </template>
    <template name="sect5">
      <Section/>&#160;%n, <startquote/>%t<endquote/>
    </template>
    <template name="section">
      <Section/>&#160;%n, <startquote/>%t<endquote/>
    </template>
    <template name="simplesect">
      <sectioncalled/>
      <startquote/>%t<endquote/>
    </template>
    <template name="table">
      <Table/>&#160;%n, <startquote/>%t<endquote/>
    </template>
  </context>
  <context name="authorgroup">
    <template name="sep">
      <listcomma/>
    </template>
    <template name="sep2">
      <and/>
    </template>
    <template name="seplast">
      <lastlistcomma/>
      <and/>
    </template>
  </context>
  <context name="glossary">
    <template name="see"> %t <GlossSee/>.</template>
    <template name="seealso">%t <GlossSeeAlso/>.</template>
    <template name="seealso-separator">, </template>
  </context>
  <context name="msgset">
    <template name="MsgAud">
      <MsgAud/>: </template>
    <template name="MsgLevel">
      <MsgLevel/>: </template>
    <template name="MsgOrig">
      <MsgOrig/>: </template>
  </context>
  <context name="datetime">
    <template name="format">m/d/Y</template>
  </context>
  <context name="datetime-full">
    <template name="January">&#1688;&#1575;&#1606;&#1608;&#1610;&#1607;</template>
    <template name="February">&#1601;&#1608;&#1585;&#1610;&#1607;</template>
    <template name="March">&#1605;&#1575;&#1585;&#1587;</template>
    <template name="April">&#1575;&#1608;&#1585;&#1610;&#1604;</template>
    <template name="May">&#1605;&#1607;</template>
    <template name="June">&#1688;&#1608;&#1574;&#1606;</template>
    <template name="July">&#1688;&#1608;&#1574;&#1740;&#1607;</template>
    <template name="August">&#1575;&#1608;&#1578;</template>
    <template name="September">&#1587;&#1662;&#1578;&#1575;&#1605;&#1576;&#1585;</template>
    <template name="October">&#1575;&#1603;&#1578;&#1576;&#1585;</template>
    <template name="November">&#1606;&#1608;&#1575;&#1605;&#1576;&#1585;</template>
    <template name="December">&#1583;&#1587;&#1575;&#1605;&#1576;&#1585;</template>
    <template name="Saturday">&#1588;&#1606;&#1576;&#1607;</template>
    <template name="Sunday">&#1610;&#1603;&#8204;&#1588;&#1606;&#1576;&#1607;</template>
    <template name="Monday">&#1583;&#1608;&#1588;&#1606;&#1576;&#1607;</template>
    <template name="Tuesday">&#1587;&#1607; &#1588;&#1606;&#1576;&#1607;</template>
    <template name="Wednesday">&#1670;&#1607;&#1575;&#1585;&#8204;&#1588;&#1606;&#1576;&#1607;</template>
    <template name="Thursday">&#1662;&#1606;&#1580;&#8204;&#1588;&#1606;&#1576;&#1607;</template>
    <template name="Friday">&#1580;&#1605;&#1593;&#1607;</template>
  </context>
  <context name="datetime-abbrev">
    <template name="Jan">&#1688;&#1575;&#1606;&#1608;&#1610;&#1607;</template>
    <template name="Feb">&#1601;&#1608;&#1585;&#1610;&#1607;</template>
    <template name="Mar">&#1605;&#1575;&#1585;&#1587;</template>
    <template name="Apr">&#1575;&#1608;&#1585;&#1610;&#1604;</template>
    <template name="May">&#1605;&#1607;</template>
    <template name="Jun">&#1688;&#1608;&#1574;&#1606;</template>
    <template name="Jul">&#1688;&#1608;&#1574;&#1610;&#1607;</template>
    <template name="Aug">&#1575;&#1608;&#1578;</template>
    <template name="Sep">&#1587;&#1662;&#1578;&#1575;&#1605;&#1576;&#1585;</template>
    <template name="Oct">&#1575;&#1603;&#1578;&#1576;&#1585;</template>
    <template name="Nov">&#1606;&#1608;&#1575;&#1605;&#1576;&#1585;</template>
    <template name="Dec">&#1583;&#1587;&#1575;&#1605;&#1576;&#1585;</template>
    <template name="Sat">&#1588;&#1606;&#1576;&#1607;</template>
    <template name="Sun">&#1610;&#1603;&#8204;&#1588;&#1606;&#1576;&#1607;</template>
    <template name="Mon">&#1583;&#1608;&#8204;&#1588;&#1606;&#1576;&#1607;</template>
    <template name="Tue">&#1587;&#1607;&#8204;&#1588;&#1606;&#1576;&#1607;</template>
    <template name="Wed">&#1670;&#1607;&#1575;&#1585;&#8204;&#1588;&#1606;&#1576;&#1607;</template>
    <template name="Thu">&#1662;&#1606;&#1580;&#8204;&#1588;&#1606;&#1576;&#1607;</template>
    <template name="Fri">&#1580;&#1605;&#1593;&#1607;</template>
  </context>
  <context name="htmlhelp">
    <template name="langcode">0x0429 Farsi</template>
  </context>

</locale>