<locale language="el" english-language-name="Greek">

<info xmlns="http://docbook.org/ns/docbook">
<authorgroup>
  <author><personname><firstname>Simos</firstname><surname>Xenitellis</surname></personname>
  </author>
</authorgroup>
</info>

<gentext key="Abstract" text="&#928;&#949;&#961;&#943;&#955;&#951;&#968;&#951;"/>
<gentext key="Answer" text="&#913;:"/>
<gentext key="Appendix" text="&#928;&#945;&#961;&#940;&#961;&#964;&#951;&#956;&#945;"/>
<gentext key="Article" text="&#902;&#961;&#952;&#961;&#959;"/>
<gentext key="Bibliography" text="&#914;&#953;&#946;&#955;&#953;&#959;&#947;&#961;&#945;&#966;&#943;&#945;"/>
<gentext key="Book" text="&#914;&#953;&#946;&#955;&#943;&#959;"/>
<gentext key="CAUTION" text="&#928;&#929;&#927;&#931;&#927;&#935;&#919;"/>
<gentext key="Caution" text="&#928;&#961;&#959;&#963;&#959;&#967;&#942;"/>
<gentext key="Chapter" text="&#922;&#949;&#966;&#940;&#955;&#945;&#953;&#959;"/>
<gentext key="Colophon" text="&#922;&#959;&#961;&#969;&#957;&#943;&#948;&#945;"/>
<gentext key="Copyright" text="&#928;&#957;&#949;&#965;&#956;&#945;&#964;&#953;&#954;&#940; &#916;&#953;&#954;&#945;&#953;&#974;&#956;&#945;&#964;&#945;"/>
<gentext key="Dedication" text="&#913;&#966;&#953;&#941;&#961;&#969;&#963;&#951;"/>
<gentext key="Edition" text="&#904;&#954;&#948;&#959;&#963;&#951;"/>
<gentext key="Equation" text="&#917;&#958;&#943;&#963;&#969;&#963;&#951;"/>
<gentext key="Example" text="&#928;&#945;&#961;&#940;&#948;&#949;&#953;&#947;&#956;&#945;"/>
<gentext key="Figure" text="&#931;&#967;&#942;&#956;&#945;"/>
<gentext key="GlossSee" text="&#916;&#949;&#943;&#964;&#949;"/>
<gentext key="GlossSeeAlso" text="&#916;&#949;&#943;&#964;&#949; &#917;&#960;&#943;&#963;&#951;&#962;"/>
<gentext key="Glossary" text="&#915;&#955;&#969;&#963;&#963;&#940;&#961;&#953;&#959;"/>
<gentext key="IMPORTANT" text="&#931;&#919;&#924;&#913;&#925;&#932;&#921;&#922;&#927;"/>
<gentext key="ISBN" text="ISBN"/>
<gentext key="Important" text="&#931;&#951;&#956;&#945;&#957;&#964;&#953;&#954;&#972;"/>
<gentext key="Index" text="&#917;&#965;&#961;&#949;&#964;&#942;&#961;&#953;&#959;"/>
<gentext key="LegalNotice" text="&#925;&#959;&#956;&#953;&#954;&#942; &#931;&#951;&#956;&#949;&#943;&#969;&#963;&#951;"/>
<gentext key="MsgAud" text="&#913;&#954;&#961;&#959;&#945;&#964;&#942;&#961;&#953;&#959;"/>
<gentext key="MsgLevel" text="&#917;&#960;&#943;&#960;&#949;&#948;&#959;"/>
<gentext key="MsgOrig" text="&#928;&#951;&#947;&#942;"/>
<gentext key="NOTE" text="&#931;&#919;&#924;&#917;&#921;&#937;&#931;&#919;"/>
<gentext key="Note" text="&#931;&#951;&#956;&#949;&#943;&#969;&#963;&#951;"/>
<gentext key="Part" text="&#924;&#941;&#961;&#959;&#962;"/>
<gentext key="Preface" text="&#917;&#953;&#963;&#945;&#947;&#969;&#947;&#942;"/>
<gentext key="Procedure" text="&#916;&#953;&#945;&#948;&#953;&#954;&#945;&#963;&#943;&#945;"/>
<gentext key="ProductionSet" text="Production"/> 
<gentext key="Published" text="&#916;&#951;&#956;&#959;&#963;&#953;&#949;&#965;&#956;&#941;&#957;&#959;"/>
<gentext key="Question" text="&#917;:"/>
<gentext key="Qandadiv" text="&#917; &#954;&#945;&#953; &#913;"/>
<gentext key="qandadiv" text="&#917; &#954;&#945;&#953; &#913;"/>
<gentext key="RefEntry" text=""/>
<gentext key="RefName" text="&#908;&#957;&#959;&#956;&#945;"/>
<gentext key="RefSection" text=""/>
<gentext key="RefSynopsisDiv" text="&#931;&#973;&#957;&#959;&#968;&#951;"/>
<gentext key="Reference" text="&#913;&#957;&#945;&#966;&#959;&#961;&#940;"/>
<gentext key="RevHistory" text="&#921;&#963;&#964;&#959;&#961;&#953;&#954;&#972; &#913;&#957;&#945;&#952;&#949;&#969;&#961;&#942;&#963;&#949;&#969;&#957;"/>
<gentext key="Revision" text="&#913;&#957;&#945;&#952;&#949;&#974;&#961;&#951;&#963;&#951;"/>
<gentext key="Section" text="&#932;&#956;&#942;&#956;&#945;"/>
<gentext key="See" text="&#916;&#949;&#943;&#964;&#949;"/>
<gentext key="SeeAlso" text="&#916;&#949;&#943;&#964;&#949; &#917;&#960;&#943;&#963;&#951;&#962;"/>
<gentext key="Seealso" text="&#916;&#949;&#943;&#964;&#949; &#949;&#960;&#943;&#963;&#951;&#962;"/>
<gentext key="Set" text="&#931;&#973;&#957;&#959;&#955;&#959;"/>
<gentext key="SetIndex" text="&#917;&#965;&#961;&#949;&#964;&#942;&#961;&#953;&#959; &#931;&#965;&#957;&#972;&#955;&#969;&#957;"/>
<gentext key="Sidebar" text=""/>
<gentext key="Step" text="&#934;&#940;&#963;&#951;"/>
<gentext key="TIP" text="&#933;&#928;&#927;&#916;&#917;&#921;&#926;&#919;"/>
<gentext key="Table" text="&#928;&#943;&#957;&#945;&#954;&#945;&#962;"/>
<gentext key="Tip" text="&#933;&#960;&#972;&#948;&#949;&#953;&#958;&#951;"/>
<gentext key="WARNING" text="&#928;&#929;&#927;&#917;&#921;&#916;&#927;&#928;&#927;&#921;&#919;&#931;&#919;"/>
<gentext key="Warning" text="&#928;&#961;&#959;&#949;&#953;&#948;&#959;&#960;&#959;&#943;&#951;&#963;&#951;"/>
<gentext key="abstract" text="&#928;&#949;&#961;&#943;&#955;&#951;&#968;&#951;"/>
<gentext key="answer" text="&#913;:"/>
<gentext key="appendix" text="&#960;&#945;&#961;&#940;&#961;&#964;&#951;&#956;&#945;"/>
<gentext key="article" text="&#902;&#961;&#952;&#961;&#959;"/>
<gentext key="bibliography" text="&#914;&#953;&#946;&#955;&#953;&#959;&#947;&#961;&#945;&#966;&#943;&#945;"/>
<gentext key="book" text="&#914;&#953;&#946;&#955;&#943;&#959;"/>
<gentext key="caution" text="&#928;&#961;&#959;&#963;&#959;&#967;&#942;"/>
<gentext key="chapter" text="&#954;&#949;&#966;&#940;&#955;&#945;&#953;&#959;"/>
<gentext key="colophon" text="&#922;&#959;&#961;&#969;&#957;&#943;&#948;&#945;"/>
<gentext key="copyright" text="&#928;&#957;&#949;&#965;&#956;&#945;&#964;&#953;&#954;&#940; &#916;&#953;&#954;&#945;&#953;&#974;&#956;&#945;&#964;&#945;"/>
<gentext key="dedication" text="&#913;&#966;&#953;&#941;&#961;&#969;&#963;&#951;"/>
<gentext key="edition" text="&#904;&#954;&#948;&#959;&#963;&#951;"/>
<gentext key="equation" text="&#917;&#958;&#943;&#963;&#969;&#963;&#951;"/>
<gentext key="example" text="&#928;&#945;&#961;&#940;&#948;&#949;&#953;&#947;&#956;&#945;"/>
<gentext key="figure" text="&#931;&#967;&#942;&#956;&#945;"/>
<gentext key="glossary" text="&#915;&#955;&#969;&#963;&#963;&#940;&#961;&#953;&#959;"/>
<gentext key="glosssee" text="&#916;&#949;&#943;&#964;&#949;"/>
<gentext key="glossseealso" text="&#916;&#949;&#943;&#964;&#949; &#917;&#960;&#943;&#963;&#951;&#962;"/>
<gentext key="important" text="&#931;&#951;&#956;&#945;&#957;&#964;&#953;&#954;&#972;"/>
<gentext key="index" text="&#917;&#965;&#961;&#949;&#964;&#942;&#961;&#953;&#959;"/>
<gentext key="isbn" text="ISBN"/>
<gentext key="legalnotice" text="&#925;&#959;&#956;&#953;&#954;&#942; &#931;&#951;&#956;&#949;&#943;&#969;&#963;&#951;"/>
<gentext key="msgaud" text="&#913;&#954;&#961;&#959;&#945;&#964;&#942;&#961;&#953;&#959;"/>
<gentext key="msglevel" text="&#917;&#960;&#943;&#960;&#949;&#948;&#959;"/>
<gentext key="msgorig" text="&#928;&#951;&#947;&#942;"/>
<gentext key="note" text="&#931;&#951;&#956;&#949;&#943;&#969;&#963;&#951;"/>
<gentext key="part" text="&#924;&#941;&#961;&#959;&#962;"/>
<gentext key="preface" text="&#917;&#953;&#963;&#945;&#947;&#969;&#947;&#942;"/>
<gentext key="procedure" text="&#916;&#953;&#945;&#948;&#953;&#954;&#945;&#963;&#943;&#945;"/>
<gentext key="published" text="&#916;&#951;&#956;&#959;&#963;&#953;&#949;&#965;&#956;&#941;&#957;&#959;"/>
<gentext key="question" text="&#917;:"/>
<gentext key="refentry" text=""/>
<gentext key="reference" text="&#913;&#957;&#945;&#966;&#959;&#961;&#940;"/>
<gentext key="refname" text="&#908;&#957;&#959;&#956;&#945;"/>
<gentext key="refsection" text=""/>
<gentext key="refsynopsisdiv" text="&#931;&#973;&#957;&#959;&#968;&#951;"/>
<gentext key="revhistory" text="&#921;&#963;&#964;&#959;&#961;&#953;&#954;&#972; &#913;&#957;&#945;&#952;&#949;&#969;&#961;&#942;&#963;&#949;&#969;&#957;"/>
<gentext key="revision" text="&#913;&#957;&#945;&#952;&#949;&#974;&#961;&#951;&#963;&#951;"/>
<gentext key="sect1" text="&#964;&#956;&#942;&#956;&#945;"/>
<gentext key="sect2" text="&#964;&#956;&#942;&#956;&#945;"/>
<gentext key="sect3" text="&#964;&#956;&#942;&#956;&#945;"/>
<gentext key="sect4" text="&#964;&#956;&#942;&#956;&#945;"/>
<gentext key="sect5" text="&#964;&#956;&#942;&#956;&#945;"/>
<gentext key="section" text="&#964;&#956;&#942;&#956;&#945;"/>
<gentext key="see" text="&#916;&#949;&#943;&#964;&#949;"/>
<gentext key="seealso" text="&#916;&#949;&#943;&#964;&#949; &#917;&#960;&#943;&#963;&#951;&#962;"/>
<gentext key="set" text="&#931;&#973;&#957;&#959;&#955;&#959;"/>
<gentext key="setindex" text="&#917;&#965;&#961;&#949;&#964;&#942;&#961;&#953;&#959; &#931;&#965;&#957;&#972;&#955;&#969;&#957;"/>
<gentext key="sidebar" text="&#949;&#960;&#949;&#958;&#951;&#947;&#951;&#956;&#945;&#964;&#953;&#954;&#972; &#960;&#955;&#949;&#965;&#961;&#953;&#954;&#972; &#945;&#961;&#952;&#961;&#943;&#948;&#953;&#959;"/>
<gentext key="step" text="&#966;&#940;&#963;&#951;"/>
<gentext key="table" text="&#928;&#943;&#957;&#945;&#954;&#945;&#962;"/>
<gentext key="tip" text="&#933;&#960;&#972;&#948;&#949;&#953;&#958;&#951;"/>
<gentext key="warning" text="&#928;&#961;&#959;&#949;&#953;&#948;&#959;&#960;&#959;&#943;&#951;&#963;&#951;"/>

<gentext key="and" text="&#954;&#945;&#953;"/>
<gentext key="by" text="&#945;&#960;&#972;"/>
<gentext key="Edited" text="&#917;&#960;&#953;&#956;&#941;&#955;&#949;&#953;&#945;"/>
<gentext key="edited" text="&#917;&#960;&#953;&#956;&#941;&#955;&#949;&#953;&#945;"/>
<gentext key="Editedby" text="&#917;&#960;&#953;&#956;&#941;&#955;&#949;&#953;&#945; &#945;&#960;&#972;"/>
<gentext key="editedby" text="&#917;&#960;&#953;&#956;&#941;&#955;&#949;&#953;&#945; &#945;&#960;&#972;"/>
<gentext key="in" text="&#963;&#949;"/>
<gentext key="lastlistcomma" text=","/>
<gentext key="listcomma" text=","/>
<gentext key="notes" text="&#931;&#951;&#956;&#949;&#953;&#974;&#963;&#949;&#953;&#962;"/>
<gentext key="Notes" text="&#931;&#951;&#956;&#949;&#953;&#974;&#963;&#949;&#953;&#962;"/>
<gentext key="Pgs" text="&#931;&#955;&#948;&#962;."/>
<gentext key="pgs" text="&#931;&#955;&#948;&#962;."/>
<gentext key="Revisedby" text="Revised by: "/>
<gentext key="revisedby" text="Revised by: "/> 
<gentext key="TableNotes" text="&#928;&#943;&#957;&#945;&#954;&#945;&#962; &#931;&#951;&#956;&#949;&#953;&#974;&#963;&#949;&#969;&#957;"/>
<gentext key="tablenotes" text="&#928;&#943;&#957;&#945;&#954;&#945;&#962; &#931;&#951;&#956;&#949;&#953;&#974;&#963;&#949;&#969;&#957;"/>
<gentext key="TableofContents" text="&#928;&#943;&#957;&#945;&#954;&#945;&#962; &#928;&#949;&#961;&#953;&#949;&#967;&#959;&#956;&#941;&#957;&#969;&#957;"/>
<gentext key="tableofcontents" text="&#928;&#943;&#957;&#945;&#954;&#945;&#962; &#928;&#949;&#961;&#953;&#949;&#967;&#959;&#956;&#941;&#957;&#969;&#957;"/>
<gentext key="unexpectedelementname" text="&#924;&#951; &#945;&#957;&#945;&#956;&#949;&#957;&#972;&#956;&#949;&#957;&#959; &#972;&#957;&#959;&#956;&#945; &#963;&#964;&#959;&#953;&#967;&#949;&#943;&#959;&#965;"/>
<gentext key="unsupported" text="&#956;&#951; &#965;&#960;&#959;&#963;&#964;&#951;&#961;&#953;&#950;&#972;&#956;&#949;&#957;&#959;"/>
<gentext key="xrefto" text="&#945;&#957;&#964;&#953;&#960;&#945;&#961;&#945;&#960;&#959;&#956;&#960;&#942; &#963;&#949;"/>

<gentext key="listofequations" text="&#922;&#945;&#964;&#940;&#955;&#959;&#947;&#959;&#962; &#917;&#958;&#953;&#963;&#974;&#963;&#949;&#969;&#957;"/>
<gentext key="ListofEquations" text="&#922;&#945;&#964;&#940;&#955;&#959;&#947;&#959;&#962; &#917;&#958;&#953;&#963;&#974;&#963;&#949;&#969;&#957;"/>
<gentext key="ListofExamples" text="&#922;&#945;&#964;&#940;&#955;&#959;&#947;&#959;&#962; &#928;&#945;&#961;&#945;&#948;&#949;&#953;&#947;&#956;&#940;&#964;&#969;&#957;"/>
<gentext key="listofexamples" text="&#922;&#945;&#964;&#940;&#955;&#959;&#947;&#959;&#962; &#928;&#945;&#961;&#945;&#948;&#949;&#953;&#947;&#956;&#940;&#964;&#969;&#957;"/>
<gentext key="ListofFigures" text="&#922;&#945;&#964;&#940;&#955;&#959;&#947;&#959;&#962; &#931;&#967;&#951;&#956;&#940;&#964;&#969;&#957;"/>
<gentext key="listoffigures" text="&#922;&#945;&#964;&#940;&#955;&#959;&#947;&#959;&#962; &#931;&#967;&#951;&#956;&#940;&#964;&#969;&#957;"/>
<gentext key="listoftables" text="&#922;&#945;&#964;&#940;&#955;&#959;&#947;&#959;&#962; &#928;&#953;&#957;&#940;&#954;&#969;&#957;"/>
<gentext key="ListofTables" text="&#922;&#945;&#964;&#940;&#955;&#959;&#947;&#959;&#962; &#928;&#953;&#957;&#940;&#954;&#969;&#957;"/>
<gentext key="ListofUnknown" text="&#922;&#945;&#964;&#940;&#955;&#959;&#947;&#959;&#962; &#913;&#947;&#957;&#974;&#963;&#964;&#969;&#957;"/>
<gentext key="listofunknown" text="&#922;&#945;&#964;&#940;&#955;&#959;&#947;&#959;&#962; &#913;&#947;&#957;&#974;&#963;&#964;&#969;&#957;"/>

<gentext key="nav-home" text="&#913;&#961;&#967;&#942;"/>
<gentext key="nav-next" text="&#917;&#960;&#972;&#956;&#949;&#957;&#959;"/>
<gentext key="nav-next-sibling" text="&#928;&#961;&#959;&#962; &#964;&#959; &#964;&#941;&#955;&#959;&#962;"/>
<gentext key="nav-prev" text="&#928;&#961;&#959;&#951;&#947;"/>
<gentext key="nav-prev-sibling" text="&#928;&#961;&#959;&#962; &#964;&#951;&#957; &#945;&#961;&#967;&#942;"/>
<gentext key="nav-up" text="&#928;&#940;&#957;&#969;"/>

<gentext key="sectioncalled" text="the section called"/> 
<gentext key="Draft" text="Draft"/> 
<gentext key="above" text="above"/> 
<gentext key="below" text="below"/> 
<gentext key="index symbols" text="Symbols"/> 
<gentext key="writing-mode" text="lr-tb"/>

<gentext key="lowercase.alpha" text="abcdefghijklmnopqrstuvwxyz"/> 
<gentext key="uppercase.alpha" text="ABCDEFGHIJKLMNOPQRSTUVWXYZ"/> 

<dingbat key="startquote" text="&amp;#x201C;"/>
<dingbat key="endquote" text="&amp;#x201D;"/>
<dingbat key="nestedstartquote" text="&amp;#x2018;"/>
<dingbat key="nestedendquote" text="&amp;#x2019;"/>
<dingbat key="bullet" text="&amp;#x2022;"/>

<context name="styles">

<template name="person-name">first-last</template>

</context>

<context name="title">

<template name="abstract">%t</template>
<template name="answer">%t</template>
<template name="appendix"><Appendix/> %n. %t</template>
<template name="article">%t</template>
<template name="authorblurb">%t</template>
<template name="bibliodiv">%t</template>
<template name="biblioentry">%t</template>
<template name="bibliography">%t</template>
<template name="bibliomixed">%t</template>
<template name="bibliomset">%t</template>
<template name="biblioset">%t</template>
<template name="blockquote">%t</template>
<template name="book">%t</template>
<template name="calloutlist">%t</template>
<template name="caution">%t</template>
<template name="chapter"><Chapter/> %n. %t</template>
<template name="colophon">%t</template>
<template name="dedication">%t</template>
<template name="equation"><Equation/> %n. %t</template>
<template name="example"><Example/> %n. %t</template>
<template name="figure"><Figure/> %n. %t</template>
<template name="formalpara">%t</template>
<template name="glossary">%t</template>
<template name="glossdiv">%t</template>
<template name="important">%t</template>
<template name="index">%t</template>
<template name="indexdiv">%t</template>
<template name="itemizedlist">%t</template>
<template name="legalnotice">%t</template>
<template name="listitem"/>
<template name="lot">%t</template>
<template name="msg">%t</template>
<template name="msgexplan">%t</template>
<template name="msgmain">%t</template>
<template name="msgrel">%t</template>
<template name="msgset">%t</template>
<template name="msgsub">%t</template>
<template name="note">%t</template>
<template name="orderedlist">%t</template>
<template name="part"><Part/> %n. %t</template>
<template name="partintro">%t</template>
<template name="preface">%t</template>
<template name="procedure">%t</template>
<template name="procedure.formal"><Procedure/>&#160;%n.&#160;%t</template>
<template name="productionset">%t</template>
<template name="productionset.formal"><ProductionSet/>&#160;%n</template>
<template name="qandadiv">%t</template>
<template name="qandaentry">%t</template>
<template name="qandaset">%t</template>
<template name="question">%t</template>
<template name="refentry">%t</template>
<template name="reference">%t</template>
<template name="refsection">%t</template>
<template name="refsect1">%t</template>
<template name="refsect2">%t</template>
<template name="refsect3">%t</template>
<template name="refsynopsisdiv">%t</template>
<template name="refsynopsisdivinfo">%t</template>
<template name="segmentedlist">%t</template>
<template name="set">%t</template>
<template name="setindex">%t</template>
<template name="sidebar">%t</template>
<template name="step">%t</template>
<template name="table"><Table/> %n. %t</template>
<template name="tip">%t</template>
<template name="toc">%t</template>
<template name="variablelist">%t</template>
<template name="warning">%t</template>

</context>

<context name="title-unnumbered">

<template name="appendix">%t</template>
<template name="bridgehead">%t</template>
<template name="chapter">%t</template>
<template name="sect1">%t</template>
<template name="sect2">%t</template>
<template name="sect3">%t</template>
<template name="sect4">%t</template>
<template name="sect5">%t</template>
<template name="section">%t</template>
<template name="simplesect">%t</template>

</context>

<context name="title-numbered">

<template name="appendix"><Appendix/> %n. %t</template>
<template name="bridgehead">%n.&#160;%t</template>
<template name="chapter"><Chapter/> %n. %t</template>
<template name="part"><Part/>&#160;%n.&#160;%t</template>
<template name="sect1">%n. %t</template>
<template name="sect2">%n. %t</template>
<template name="sect3">%n. %t</template>
<template name="sect4">%n. %t</template>
<template name="sect5">%n. %t</template>
<template name="section">%n. %t</template>
<template name="simplesect">%n. %t</template>

</context>

<context name="subtitle">

<template name="appendix">%s</template>
<template name="article">%s</template>
<template name="bibliodiv">%s</template>
<template name="biblioentry">%s</template>
<template name="bibliography">%s</template>
<template name="bibliomixed">%s</template>
<template name="bibliomset">%s</template>
<template name="biblioset">%s</template>
<template name="book">%s</template>
<template name="chapter">%s</template>
<template name="colophon">%s</template>
<template name="dedication">%s</template>
<template name="glossary">%s</template>
<template name="glossdiv">%s</template>
<template name="index">%s</template>
<template name="indexdiv">%s</template>
<template name="lot">%s</template>
<template name="part">%s</template>
<template name="partintro">%s</template>
<template name="preface">%s</template>
<template name="refentry">%s</template>
<template name="reference">%s</template>
<template name="refsection">%s</template>
<template name="refsect1">%s</template>
<template name="refsect2">%s</template>
<template name="refsect3">%s</template>
<template name="refsynopsisdiv">%s</template>
<template name="sect1">%s</template>
<template name="sect2">%s</template>
<template name="sect3">%s</template>
<template name="sect4">%s</template>
<template name="sect5">%s</template>
<template name="section">%s</template>
<template name="set">%s</template>
<template name="setindex">%s</template>
<template name="sidebar">%s</template>
<template name="simplesect">%s</template>
<template name="toc">%s</template>

</context>

<context name="xref">
<template name="abstract">%t</template>
<template name="answer"><Answer/>&#160;%n</template>
<template name="appendix">%t</template>
<template name="article">%t</template>
<template name="authorblurb">%t</template>
<template name="bibliodiv">%t</template>
<template name="bibliography">%t</template>
<template name="bibliomset">%t</template>
<template name="biblioset">%t</template>
<template name="blockquote">%t</template>
<template name="book">%t</template>
<template name="calloutlist">%t</template>
<template name="caution">%t</template>
<template name="chapter">%t</template>
<template name="colophon">%t</template>
<template name="constraintdef">%t</template>
<template name="dedication">%t</template>
<template name="equation">%t</template>
<template name="example">%t</template>
<template name="figure">%t</template>
<template name="formalpara">%t</template>
<template name="glossary">%t</template>
<template name="glossdiv">%t</template>
<template name="important">%t</template>
<template name="index">%t</template>
<template name="indexdiv">%t</template>
<template name="itemizedlist">%t</template>
<template name="legalnotice">%t</template>
<template name="listitem">%n</template>
<template name="lot">%t</template>
<template name="msg">%t</template>
<template name="msgexplan">%t</template>
<template name="msgmain">%t</template>
<template name="msgrel">%t</template>
<template name="msgset">%t</template>
<template name="msgsub">%t</template>
<template name="note">%t</template>
<template name="orderedlist">%t</template>
<template name="page.citation"> [%p]</template>
<template name="part">%t</template>
<template name="partintro">%t</template>
<template name="preface">%t</template>
<template name="procedure">%t</template>
<template name="productionset">%t</template>
<template name="qandadiv">%t</template>
<template name="qandaentry"><Question/>&#160;%n</template>
<template name="qandaset">%t</template>
<template name="question"><Question/>&#160;%n</template>
<template name="reference">%t</template>
<template name="refsynopsisdiv">%t</template>
<template name="segmentedlist">%t</template>
<template name="set">%t</template>
<template name="setindex">%t</template>
<template name="sidebar">%t</template>
<template name="table">%t</template>
<template name="tip">%t</template>
<template name="toc">%t</template>
<template name="variablelist">%t</template>
<template name="varlistentry">%n</template>
<template name="warning">%t</template>

<template name="bridgehead"><startquote/>%t<endquote/></template>
<template name="refsection"><startquote/>%t<endquote/></template>
<template name="refsect1"><startquote/>%t<endquote/></template>
<template name="refsect2"><startquote/>%t<endquote/></template>
<template name="refsect3"><startquote/>%t<endquote/></template>
<template name="sect1"><startquote/>%t<endquote/></template>
<template name="sect2"><startquote/>%t<endquote/></template>
<template name="sect3"><startquote/>%t<endquote/></template>
<template name="sect4"><startquote/>%t<endquote/></template>
<template name="sect5"><startquote/>%t<endquote/></template>
<template name="section"><startquote/>%t<endquote/></template>
<template name="simplesect"><startquote/>%t<endquote/></template>

</context>

<context name="xref-number">

<template name="answer"><Answer/>&#160;%n</template>
<template name="appendix"><Appendix/>&#160;%n</template>
<template name="bridgehead"><Section/>&#160;%n</template>
<template name="chapter"><Chapter/>&#160;%n</template>
<template name="equation"><Equation/>&#160;%n</template>
<template name="example"><Example/>&#160;%n</template>
<template name="figure"><Figure/>&#160;%n</template>
<template name="part"><Part/>&#160;%n</template>
<template name="procedure"><Procedure/>&#160;%n</template>
<template name="productionset"><ProductionSet/>&#160;%n</template>
<template name="qandadiv"><Qandadiv/>&#160;%n</template>
<template name="qandaentry"><Question/>&#160;%n</template>
<template name="question"><Question/>&#160;%n</template>
<template name="sect1"><Section/>&#160;%n</template>
<template name="sect2"><Section/>&#160;%n</template>
<template name="sect3"><Section/>&#160;%n</template>
<template name="sect4"><Section/>&#160;%n</template>
<template name="sect5"><Section/>&#160;%n</template>
<template name="section"><Section/>&#160;%n</template>
<template name="table"><Table/>&#160;%n</template>

</context>

<context name="xref-number-and-title">

<template name="appendix"><Appendix/>&#160;%n, %t</template>
<template name="bridgehead"><Section/>&#160;%n, <startquote/>%t<endquote/></template>
<template name="chapter"><Chapter/>&#160;%n, %t</template>
<template name="equation"><Equation/>&#160;%n, <startquote/>%t<endquote/></template>
<template name="example"><Example/>&#160;%n, <startquote/>%t<endquote/></template>
<template name="figure"><Figure/>&#160;%n, <startquote/>%t<endquote/></template>
<template name="part"><Part/>&#160;%n, <startquote/>%t<endquote/></template>
<template name="procedure"><Procedure/>&#160;%n, <startquote/>%t<endquote/></template>
<template name="productionset"><ProductionSet/>&#160;%n, <startquote/>%t<endquote/></template>
<template name="qandadiv"><Qandadiv/>&#160;%n, <startquote/>%t<endquote/></template>
<template name="refsect1"><sectioncalled/> <startquote/>%t<endquote/></template>
<template name="refsect2"><sectioncalled/> <startquote/>%t<endquote/></template>
<template name="refsect3"><sectioncalled/> <startquote/>%t<endquote/></template>
<template name="refsection"><sectioncalled/> <startquote/>%t<endquote/></template>
<template name="sect1"><Section/>&#160;%n, <startquote/>%t<endquote/></template>
<template name="sect2"><Section/>&#160;%n, <startquote/>%t<endquote/></template>
<template name="sect3"><Section/>&#160;%n, <startquote/>%t<endquote/></template>
<template name="sect4"><Section/>&#160;%n, <startquote/>%t<endquote/></template>
<template name="sect5"><Section/>&#160;%n, <startquote/>%t<endquote/></template>
<template name="section"><Section/>&#160;%n, <startquote/>%t<endquote/></template>
<template name="simplesect"><sectioncalled/> <startquote/>%t<endquote/></template>
<template name="table"><Table/>&#160;%n, <startquote/>%t<endquote/></template>

</context>

<context name="authorgroup">
<template name="sep"><listcomma/> </template>
<template name="sep2"> <and/> </template>
<template name="seplast"><lastlistcomma/> <and/> </template>
</context>

<context name="glossary">
<template name="see"><GlossSee/> %t.</template>
<template name="seealso"><GlossSeeAlso/> %t.</template>
<template name="seealso-separator">, </template>
</context>

<context name="msgset">
<template name="MsgAud"><MsgAud/>: </template>
<template name="MsgLevel"><MsgLevel/>: </template>
<template name="MsgOrig"><MsgOrig/>: </template>
</context>

<context name="htmlhelp">
<template name="langcode">0x0408 Greek</template>
</context>

</locale>