<locale language="hi" english-language-name="Hindi">

<info xmlns="http://docbook.org/ns/docbook">
<authorgroup>
  <author><personname><firstname>Bernd</firstname><surname>Groh</surname></personname>
  <email>bgroh@redhat.com</email>
          
  </author>
  <author><personname><firstname>Rajesh</firstname><surname>Ranjan</surname></personname>
  <email>rranjan@redhat.com</email>
          
  </author>
</authorgroup>
</info>

<gentext key="Abstract" text="&#2360;&#2366;&#2352;"/>
<gentext key="abstract" text="&#2360;&#2366;&#2352;"/>
<gentext key="Answer" text="&#2313;:"/>
<gentext key="answer" text="&#2313;:"/>
<gentext key="Appendix" text="&#2346;&#2352;&#2367;&#2358;&#2367;&#2359;&#2381;&#2335;"/>
<gentext key="appendix" text="&#2346;&#2352;&#2367;&#2358;&#2367;&#2359;&#2381;&#2335;"/>
<gentext key="Article" text="&#2310;&#2354;&#2375;&#2326;"/>
<gentext key="article" text="&#2310;&#2354;&#2375;&#2326;"/>
<gentext key="Author" text="Author"/>
<gentext key="Bibliography" text="&#2360;&#2306;&#2342;&#2352;&#2381;&#2349;-&#2360;&#2370;&#2330;&#2368;"/>
<gentext key="bibliography" text="&#2360;&#2306;&#2342;&#2352;&#2381;&#2349;-&#2360;&#2370;&#2330;&#2368;"/>
<gentext key="Book" text="&#2346;&#2369;&#2360;&#2381;&#2340;&#2325;"/>
<gentext key="book" text="&#2346;&#2369;&#2360;&#2381;&#2340;&#2325;"/>
<gentext key="CAUTION" text="&#2360;&#2366;&#2357;&#2343;&#2366;&#2344;&#2368;"/>
<gentext key="Caution" text="&#2360;&#2366;&#2357;&#2343;&#2366;&#2344;&#2368;"/>
<gentext key="caution" text="&#2360;&#2366;&#2357;&#2343;&#2366;&#2344;&#2368;"/>
<gentext key="Chapter" text="&#2309;&#2343;&#2381;&#2351;&#2366;&#2351;"/>
<gentext key="chapter" text="&#2309;&#2343;&#2381;&#2351;&#2366;&#2351;"/>
<gentext key="Colophon" text="&#2346;&#2369;&#2360;&#2381;&#2340;&#2325;&#2346;&#2352;&#2367;&#2330;&#2351;"/>
<gentext key="colophon" text="&#2346;&#2369;&#2360;&#2381;&#2340;&#2325;&#2346;&#2352;&#2367;&#2330;&#2351;"/>
<gentext key="Copyright" text="&#2325;&#2377;&#2346;&#2368;&#2352;&#2366;&#2311;&#2335;"/>
<gentext key="copyright" text="&#2325;&#2377;&#2346;&#2368;&#2352;&#2366;&#2311;&#2335;"/>
<gentext key="Dedication" text="&#2360;&#2350;&#2352;&#2381;&#2346;&#2339;"/>
<gentext key="dedication" text="&#2360;&#2350;&#2352;&#2381;&#2346;&#2339;"/>
<gentext key="Edition" text="&#2360;&#2306;&#2360;&#2381;&#2325;&#2352;&#2339;"/>
<gentext key="edition" text="&#2360;&#2306;&#2360;&#2381;&#2325;&#2352;&#2339;"/>
<gentext key="Equation" text="&#2360;&#2350;&#2368;&#2325;&#2352;&#2339;"/>
<gentext key="equation" text="&#2360;&#2350;&#2368;&#2325;&#2352;&#2339;"/>
<gentext key="Example" text="&#2313;&#2342;&#2366;&#2361;&#2352;&#2339;"/>
<gentext key="example" text="&#2313;&#2342;&#2366;&#2361;&#2352;&#2339;"/>
<gentext key="Figure" text="&#2330;&#2367;&#2340;&#2381;&#2352;"/>
<gentext key="figure" text="&#2330;&#2367;&#2340;&#2381;&#2352;"/>
<gentext key="Glossary" text="&#2358;&#2348;&#2381;&#2342;&#2325;&#2379;&#2359;"/>
<gentext key="glossary" text="&#2358;&#2348;&#2381;&#2342;&#2325;&#2379;&#2359;"/>
<gentext key="GlossSee" text="&#2342;&#2375;&#2326;&#2375;&#2306;"/>
<gentext key="glosssee" text="&#2342;&#2375;&#2326;&#2375;&#2306;"/>
<gentext key="GlossSeeAlso" text="&#2311;&#2360;&#2375;&#2349;&#2368;&#2342;&#2375;&#2326;&#2375;&#2306;"/>
<gentext key="glossseealso" text="&#2311;&#2360;&#2375;&#2349;&#2368;&#2342;&#2375;&#2326;&#2375;&#2306;"/>
<gentext key="IMPORTANT" text="&#2350;&#2361;&#2340;&#2381;&#2357;&#2346;&#2370;&#2352;&#2381;&#2339;"/>
<gentext key="important" text="&#2350;&#2361;&#2340;&#2381;&#2357;&#2346;&#2370;&#2352;&#2381;&#2339;"/>
<gentext key="Important" text="&#2350;&#2361;&#2340;&#2381;&#2357;&#2346;&#2370;&#2352;&#2381;&#2339;"/>
<gentext key="Index" text="&#2357;&#2367;&#2359;&#2351;-&#2360;&#2370;&#2330;&#2368;"/>
<gentext key="index" text="&#2357;&#2367;&#2359;&#2351;-&#2360;&#2370;&#2330;&#2368;"/>
<gentext key="ISBN" text="ISBN"/>
<gentext key="isbn" text="ISBN"/>
<gentext key="LegalNotice" text="&#2357;&#2376;&#2343;&#2366;&#2344;&#2367;&#2325;&#2360;&#2370;&#2330;&#2344;&#2366;"/>
<gentext key="legalnotice" text="&#2357;&#2376;&#2343;&#2366;&#2344;&#2367;&#2325;&#2360;&#2370;&#2330;&#2344;&#2366;"/>
<gentext key="MsgAud" text="&#2358;&#2381;&#2352;&#2379;&#2340;&#2366;"/>
<gentext key="msgaud" text="&#2358;&#2381;&#2352;&#2379;&#2340;&#2366;"/>
<gentext key="MsgLevel" text="&#2360;&#2381;&#2340;&#2352;"/>
<gentext key="msglevel" text="&#2360;&#2381;&#2340;&#2352;"/>
<gentext key="MsgOrig" text="&#2350;&#2370;&#2354;"/>
<gentext key="msgorig" text="&#2350;&#2370;&#2354;"/>
<gentext key="NOTE" text="&#2344;&#2379;&#2335;"/>
<gentext key="Note" text="&#2344;&#2379;&#2335;"/>
<gentext key="note" text="&#2344;&#2379;&#2335;"/>
<gentext key="Part" text="&#2361;&#2367;&#2360;&#2381;&#2360;&#2366;"/>
<gentext key="part" text="&#2361;&#2367;&#2360;&#2381;&#2360;&#2366;"/>
<gentext key="Preface" text="&#2346;&#2381;&#2352;&#2360;&#2381;&#2340;&#2366;&#2357;&#2344;&#2366;"/>
<gentext key="preface" text="&#2346;&#2381;&#2352;&#2360;&#2381;&#2340;&#2366;&#2357;&#2344;&#2366;"/>
<gentext key="Procedure" text="&#2346;&#2381;&#2352;&#2325;&#2381;&#2352;&#2367;&#2351;&#2366;"/>
<gentext key="procedure" text="&#2346;&#2381;&#2352;&#2325;&#2381;&#2352;&#2367;&#2351;&#2366;"/>
<gentext key="ProductionSet" text="&#2313;&#2340;&#2381;&#2346;&#2366;&#2342;&#2344;"/>
<gentext key="PubDate" text="Publication Date"/>
<gentext key="pubdate" text="Publication date"/>
<gentext key="Published" text="&#2346;&#2381;&#2352;&#2325;&#2366;&#2358;&#2367;&#2340;"/>
<gentext key="published" text="&#2346;&#2381;&#2352;&#2325;&#2366;&#2358;&#2367;&#2340;"/>
<gentext key="Qandadiv" text="Q &amp; A"/>
<gentext key="qandadiv" text="Q &amp; A"/>
<gentext key="Question" text="&#2346;&#2381;&#2352;:"/>
<gentext key="question" text="&#2346;&#2381;&#2352;:"/>
<gentext key="RefEntry" text=""/>
<gentext key="refentry" text=""/>
<gentext key="Reference" text="&#2360;&#2306;&#2342;&#2352;&#2381;&#2349;"/>
<gentext key="reference" text="&#2360;&#2306;&#2342;&#2352;&#2381;&#2349;"/>
<gentext key="RefName" text="&#2344;&#2366;&#2350;"/>
<gentext key="refname" text="&#2344;&#2366;&#2350;"/>
<gentext key="RefSection" text=""/>
<gentext key="refsection" text=""/>
<gentext key="RefSynopsisDiv" text="&#2360;&#2366;&#2352;&#2366;&#2306;&#2358;"/>
<gentext key="refsynopsisdiv" text="&#2360;&#2366;&#2352;&#2366;&#2306;&#2358;"/>
<gentext key="RevHistory" text="&#2346;&#2369;&#2344;&#2352;&#2368;&#2325;&#2381;&#2359;&#2339;&#2311;&#2340;&#2367;&#2361;&#2366;&#2360;"/>
<gentext key="revhistory" text="&#2346;&#2369;&#2344;&#2352;&#2368;&#2325;&#2381;&#2359;&#2339;&#2311;&#2340;&#2367;&#2361;&#2366;&#2360;"/>
<gentext key="revision" text="&#2346;&#2369;&#2344;&#2352;&#2368;&#2325;&#2381;&#2359;&#2339;"/>
<gentext key="Revision" text="&#2346;&#2369;&#2344;&#2352;&#2368;&#2325;&#2381;&#2359;&#2339;"/>
<gentext key="sect1" text="&#2326;&#2306;&#2337;"/>
<gentext key="sect2" text="&#2326;&#2306;&#2337;"/>
<gentext key="sect3" text="&#2326;&#2306;&#2337;"/>
<gentext key="sect4" text="&#2326;&#2306;&#2337;"/>
<gentext key="sect5" text="&#2326;&#2306;&#2337;"/>
<gentext key="section" text="&#2326;&#2306;&#2337;"/>
<gentext key="Section" text="&#2326;&#2306;&#2337;"/>
<gentext key="see" text="&#2342;&#2375;&#2326;&#2375;&#2306;"/>             
<gentext key="See" text="&#2342;&#2375;&#2326;&#2375;&#2306;"/>
<gentext key="seealso" text="&#2311;&#2360;&#2375;&#2349;&#2368;&#2342;&#2375;&#2326;&#2375;&#2306;"/>    
<gentext key="Seealso" text="&#2311;&#2360;&#2375;&#2349;&#2368;&#2342;&#2375;&#2326;&#2375;&#2306;"/>
<gentext key="SeeAlso" text="&#2311;&#2360;&#2375;&#2349;&#2368;&#2342;&#2375;&#2326;&#2375;&#2306;"/>
<gentext key="set" text="&#2357;&#2381;&#2351;&#2357;&#2360;&#2381;&#2341;&#2367;&#2340;&#2325;&#2352;&#2375;&#2306;"/>
<gentext key="Set" text="&#2357;&#2381;&#2351;&#2357;&#2360;&#2381;&#2341;&#2367;&#2340;&#2325;&#2352;&#2375;&#2306;"/>
<gentext key="setindex" text="&#2357;&#2367;&#2359;&#2351;&#2360;&#2370;&#2330;&#2368;&#2357;&#2381;&#2351;&#2357;&#2360;&#2381;&#2341;&#2367;&#2340;&#2325;&#2352;&#2375;&#2306;"/>
<gentext key="SetIndex" text="&#2357;&#2367;&#2359;&#2351;&#2360;&#2370;&#2330;&#2368;&#2357;&#2381;&#2351;&#2357;&#2360;&#2381;&#2341;&#2367;&#2340;&#2325;&#2352;&#2375;&#2306;"/>
<gentext key="Sidebar" text=""/>
<gentext key="sidebar" text="&#2360;&#2366;&#2311;&#2337;&#2348;&#2366;&#2352;"/>
<gentext key="step" text="&#2330;&#2352;&#2339;"/>
<gentext key="Step" text="&#2330;&#2352;&#2339;"/>
<gentext key="Table" text="&#2340;&#2366;&#2354;&#2367;&#2325;&#2366;"/>
<gentext key="table" text="&#2340;&#2366;&#2354;&#2367;&#2325;&#2366;"/>
<gentext key="tip" text="&#2360;&#2306;&#2325;&#2375;&#2340;"/>
<gentext key="TIP" text="&#2360;&#2306;&#2325;&#2375;&#2340;"/>
<gentext key="Tip" text="&#2360;&#2306;&#2325;&#2375;&#2340;"/>
<gentext key="Warning" text="&#2330;&#2375;&#2340;&#2366;&#2357;&#2344;&#2368;"/>
<gentext key="warning" text="&#2330;&#2375;&#2340;&#2366;&#2357;&#2344;&#2368;"/>
<gentext key="WARNING" text="&#2330;&#2375;&#2340;&#2366;&#2357;&#2344;&#2368;"/>

<gentext key="and" text="&#2324;&#2352;"/>
<gentext key="by" text=""/>
<gentext key="called" text="called"/>
<gentext key="Edited" text="&#2360;&#2306;&#2346;&#2366;&#2342;&#2367;&#2340;"/>
<gentext key="edited" text="&#2360;&#2306;&#2346;&#2366;&#2342;&#2367;&#2340;"/>
<gentext key="Editedby" text="&#2311;&#2344;&#2325;&#2375;&#2342;&#2381;&#2357;&#2366;&#2352;&#2366;&#2360;&#2306;&#2346;&#2366;&#2342;&#2367;&#2340;"/>
<gentext key="editedby" text="&#2311;&#2344;&#2325;&#2375;&#2342;&#2381;&#2357;&#2366;&#2352;&#2366;&#2360;&#2306;&#2346;&#2366;&#2342;&#2367;&#2340;"/>
<gentext key="in" text="&#2309;&#2306;&#2342;&#2352;"/>
<gentext key="lastlistcomma" text=","/>
<gentext key="listcomma" text=","/>
<gentext key="notes" text="&#2344;&#2379;&#2335;&#2381;&#2360;"/>
<gentext key="Notes" text="&#2344;&#2379;&#2335;&#2381;&#2360;"/>
<gentext key="Pgs" text="&#2346;&#2371;&#2359;&#2381;&#2336;"/>
<gentext key="pgs" text="&#2346;&#2371;&#2359;&#2381;&#2336;"/>
<gentext key="Revisedby" text="&#2346;&#2369;&#2344;&#2352;&#2368;&#2325;&#2381;&#2359;&#2339;&#2325;&#2352;&#2381;&#2340;&#2366;:"/>
<gentext key="revisedby" text="&#2346;&#2369;&#2344;&#2352;&#2368;&#2325;&#2381;&#2359;&#2339;&#2325;&#2352;&#2381;&#2340;&#2366;:"/>
<gentext key="TableNotes" text="&#2344;&#2379;&#2335;&#2381;&#2360;"/>
<gentext key="tablenotes" text="&#2344;&#2379;&#2335;&#2381;&#2360;"/>
<gentext key="TableofContents" text="&#2357;&#2367;&#2359;&#2351;-&#2360;&#2370;&#2330;&#2368;"/>
<gentext key="tableofcontents" text="&#2357;&#2367;&#2359;&#2351;-&#2360;&#2370;&#2330;&#2368;"/>
<gentext key="the" text=""/>
<gentext key="unexpectedelementname" text="&#2309;&#2346;&#2381;&#2352;&#2340;&#2381;&#2351;&#2366;&#2358;&#2367;&#2340;&#2340;&#2340;&#2381;&#2357;&#2344;&#2366;&#2350;"/>
<gentext key="unsupported" text="&#2309;&#2360;&#2350;&#2352;&#2381;&#2341;&#2367;&#2340;"/>
<gentext key="xrefto" text="xrefto"/>

<gentext key="listofequations" text="&#2360;&#2350;&#2368;&#2325;&#2352;&#2339;&#2360;&#2370;&#2330;&#2368;"/>
<gentext key="ListofEquations" text="&#2360;&#2350;&#2368;&#2325;&#2352;&#2339;&#2360;&#2370;&#2330;&#2368;"/>
<gentext key="ListofExamples" text="&#2313;&#2342;&#2366;&#2361;&#2352;&#2339;&#2360;&#2370;&#2330;&#2368;"/>
<gentext key="listofexamples" text="&#2313;&#2342;&#2366;&#2361;&#2352;&#2339;&#2360;&#2370;&#2330;&#2368;"/>
<gentext key="ListofFigures" text="&#2330;&#2367;&#2340;&#2381;&#2352;&#2360;&#2370;&#2330;&#2368;"/>
<gentext key="listoffigures" text="&#2330;&#2367;&#2340;&#2381;&#2352;&#2360;&#2370;&#2330;&#2368;"/>
<gentext key="ListofProcedures" text="&#2346;&#2381;&#2352;&#2325;&#2381;&#2352;&#2367;&#2351;&#2366;&#2360;&#2370;&#2330;&#2368;"/>
<gentext key="listofprocedures" text="&#2346;&#2381;&#2352;&#2325;&#2381;&#2352;&#2367;&#2351;&#2366;&#2360;&#2370;&#2330;&#2368;"/>
<gentext key="listoftables" text="&#2340;&#2366;&#2354;&#2367;&#2325;&#2366;&#2360;&#2370;&#2330;&#2368;"/>
<gentext key="ListofTables" text="&#2340;&#2366;&#2354;&#2367;&#2325;&#2366;&#2360;&#2370;&#2330;&#2368;"/>
<gentext key="ListofUnknown" text="&#2309;&#2332;&#2381;&#2334;&#2366;&#2340;&#2325;&#2368;&#2360;&#2370;&#2330;&#2368;"/>
<gentext key="listofunknown" text="&#2309;&#2332;&#2381;&#2334;&#2366;&#2340;&#2325;&#2368;&#2360;&#2370;&#2330;&#2368;"/>

<gentext key="nav-home" text="&#2328;&#2352;"/>
<gentext key="nav-next" text="&#2310;&#2327;&#2375;"/>
<gentext key="nav-next-sibling" text="&#2342;&#2381;&#2352;&#2369;&#2340;&#2309;&#2327;&#2381;&#2352;&#2360;&#2366;&#2352;&#2339;"/>
<gentext key="nav-prev" text="&#2346;&#2368;&#2331;&#2375;"/>
<gentext key="nav-prev-sibling" text="&#2342;&#2381;&#2352;&#2369;&#2340;&#2346;&#2358;&#2381;&#2330;&#2352;&#2339;"/>
<gentext key="nav-up" text="&#2314;&#2346;&#2352;"/>
<gentext key="nav-toc" text="&#2309;&#2306;&#2340;&#2352;&#2381;&#2357;&#2360;&#2381;&#2340;&#2369;&#2340;&#2366;&#2354;&#2367;&#2325;&#2366;"/>

<gentext key="Draft" text="&#2337;&#2381;&#2352;&#2366;&#2347;&#2381;&#2335;"/>
<gentext key="above" text="&#2314;&#2346;&#2352;"/>
<gentext key="below" text="&#2344;&#2368;&#2330;&#2375;"/>
<gentext key="sectioncalled" text="&#2351;&#2361;&#2326;&#2306;&#2337;&#2325;&#2361;&#2354;&#2366;&#2340;&#2366;&#2361;&#2376;"/>
<gentext key="index symbols" text="Symbols"/>
<gentext key="writing-mode" text="lr-tb"/>

<gentext key="lowercase.alpha" text="abcdefghijklmnopqrstuvwxyz"/>
<gentext key="uppercase.alpha" text="ABCDEFGHIJKLMNOPQRSTUVWXYZ"/>

<dingbat key="startquote" text="&#8220;"/>
<dingbat key="endquote" text="&#8221;"/>
<dingbat key="nestedstartquote" text="&#8216;"/>
<dingbat key="nestedendquote" text="&#8217;"/>
<dingbat key="singlestartquote" text="&#8216;"/>
<dingbat key="singleendquote" text="&#8217;"/>
<dingbat key="bullet" text="&#8226;"/>


<gentext key="hyphenation-character" text="-"/>
<gentext key="hyphenation-push-character-count" text="2"/>
<gentext key="hyphenation-remain-character-count" text="2"/>

<context name="styles">

<template name="person-name">first-last</template>

</context>

<context name="title">

<template name="abstract">%t</template>
<template name="answer">%t</template>
<template name="appendix"><Appendix/>&#160;%n.&#160;%t</template>
<template name="article">%t</template>
<template name="authorblurb">%t</template>
<template name="bibliodiv">%t</template>
<template name="biblioentry">%t</template>
<template name="bibliography">%t</template>
<template name="bibliolist">%t</template>
<template name="bibliomixed">%t</template>
<template name="bibliomset">%t</template>
<template name="biblioset">%t</template>
<template name="blockquote">%t</template>
<template name="book">%t</template>
<template name="calloutlist">%t</template>
<template name="caution">%t</template>
<template name="chapter"><Chapter/>&#160;%n.&#160;%t</template>
<template name="colophon">%t</template>
<template name="dedication">%t</template>
<template name="equation"><Equation/>&#160;%n.&#160;%t</template>
<template name="example"><Example/>&#160;%n.&#160;%t</template>
<template name="figure"><Figure/>&#160;%n.&#160;%t</template>
<template name="foil">%t</template>	
<template name="foilgroup">%t</template>  
<template name="formalpara">%t</template>
<template name="glossary">%t</template>
<template name="glossdiv">%t</template>
<template name="glosslist">%t</template>
<template name="glossentry">%t</template>
<template name="important">%t</template>
<template name="index">%t</template>
<template name="indexdiv">%t</template>
<template name="itemizedlist">%t</template>
<template name="legalnotice">%t</template>
<template name="listitem"/>
<template name="lot">%t</template>
<template name="msg">%t</template>
<template name="msgexplan">%t</template>
<template name="msgmain">%t</template>
<template name="msgrel">%t</template>
<template name="msgset">%t</template>
<template name="msgsub">%t</template>
<template name="note">%t</template>
<template name="orderedlist">%t</template>
<template name="part"><Part/>&#160;%n.&#160;%t</template>
<template name="partintro">%t</template>
<template name="preface">%t</template>
<template name="procedure">%t</template>
<template name="procedure.formal"><Procedure/>&#160;%n.&#160;%t</template>
<template name="productionset">%t</template>
<template name="productionset.formal"><ProductionSet/>&#160;%n</template>
<template name="qandadiv">%t</template>
<template name="qandaentry">%t</template>
<template name="qandaset">%t</template>
<template name="question">%t</template>
<template name="refentry">%t</template>
<template name="reference">%t</template>
<template name="refsection">%t</template>
<template name="refsect1">%t</template>
<template name="refsect2">%t</template>
<template name="refsect3">%t</template>
<template name="refsynopsisdiv">%t</template>
<template name="refsynopsisdivinfo">%t</template>
<template name="segmentedlist">%t</template>
<template name="set">%t</template>
<template name="setindex">%t</template>
<template name="sidebar">%t</template>
<template name="step">%t</template>
<template name="table"><Table/>&#160;%n.&#160;%t</template>
<template name="task">%t</template>
<template name="tip">%t</template>
<template name="toc">%t</template>
<template name="variablelist">%t</template>
<template name="varlistentry"/>
<template name="warning">%t</template>

</context>

<context name="title-unnumbered">

<template name="appendix">%t</template>
<template name="article/appendix">%t</template>
<template name="bridgehead">%t</template>
<template name="chapter">%t</template>
<template name="sect1">%t</template>
<template name="sect2">%t</template>
<template name="sect3">%t</template>
<template name="sect4">%t</template>
<template name="sect5">%t</template>
<template name="section">%t</template>
<template name="simplesect">%t</template>

</context>

<context name="title-numbered">

<template name="appendix"><Appendix/>&#160;%n.&#160;%t</template>
<template name="article/appendix">%n.&#160;%t</template>
<template name="bridgehead">%n.&#160;%t</template>
<template name="chapter"><Chapter/>&#160;%n.&#160;%t</template>
<template name="part"><Part/>&#160;%n.&#160;%t</template>
<template name="sect1">%n.&#160;%t</template>
<template name="sect2">%n.&#160;%t</template>
<template name="sect3">%n.&#160;%t</template>
<template name="sect4">%n.&#160;%t</template>
<template name="sect5">%n.&#160;%t</template>
<template name="section">%n.&#160;%t</template>
<template name="simplesect">%t</template>

</context>

<context name="subtitle">

<template name="appendix">%s</template>
<template name="article">%s</template>
<template name="bibliodiv">%s</template>
<template name="biblioentry">%s</template>
<template name="bibliography">%s</template>
<template name="bibliomixed">%s</template>
<template name="bibliomset">%s</template>
<template name="biblioset">%s</template>
<template name="book">%s</template>
<template name="chapter">%s</template>
<template name="colophon">%s</template>
<template name="dedication">%s</template>
<template name="glossary">%s</template>
<template name="glossdiv">%s</template>
<template name="index">%s</template>
<template name="indexdiv">%s</template>
<template name="lot">%s</template>
<template name="part">%s</template>
<template name="partintro">%s</template>
<template name="preface">%s</template>
<template name="refentry">%s</template>
<template name="reference">%s</template>
<template name="refsection">%s</template>
<template name="refsect1">%s</template>
<template name="refsect2">%s</template>
<template name="refsect3">%s</template>
<template name="refsynopsisdiv">%s</template>
<template name="sect1">%s</template>
<template name="sect2">%s</template>
<template name="sect3">%s</template>
<template name="sect4">%s</template>
<template name="sect5">%s</template>
<template name="section">%s</template>
<template name="set">%s</template>
<template name="setindex">%s</template>
<template name="sidebar">%s</template>
<template name="simplesect">%s</template>
<template name="toc">%s</template>

</context>

<context name="xref">
<template name="abstract">%t</template>
<template name="answer"><Answer/>&#160;%n</template>
<template name="appendix">%t</template>
<template name="article">%t</template>
<template name="authorblurb">%t</template>
<template name="bibliodiv">%t</template>
<template name="bibliography">%t</template>
<template name="bibliomset">%t</template>
<template name="biblioset">%t</template>
<template name="blockquote">%t</template>
<template name="book">%t</template>
<template name="calloutlist">%t</template>
<template name="caution">%t</template>
<template name="chapter">%t</template>
<template name="colophon">%t</template>
<template name="constraintdef">%t</template>
<template name="dedication">%t</template>
<template name="equation">%t</template>
<template name="example">%t</template>
<template name="figure">%t</template>
<template name="foil">%t</template>	
<template name="foilgroup">%t</template> 
<template name="formalpara">%t</template>
<template name="glossary">%t</template>
<template name="glossdiv">%t</template>
<template name="important">%t</template>
<template name="index">%t</template>
<template name="indexdiv">%t</template>
<template name="itemizedlist">%t</template>
<template name="legalnotice">%t</template>
<template name="listitem">%n</template>
<template name="lot">%t</template>
<template name="msg">%t</template>
<template name="msgexplan">%t</template>
<template name="msgmain">%t</template>
<template name="msgrel">%t</template>
<template name="msgset">%t</template>
<template name="msgsub">%t</template>
<template name="note">%t</template>
<template name="orderedlist">%t</template>
<template name="part">%t</template>
<template name="partintro">%t</template>
<template name="preface">%t</template>
<template name="procedure">%t</template>
<template name="productionset">%t</template>
<template name="qandadiv">%t</template>
<template name="qandaentry"><Question/>&#160;%n</template>
<template name="qandaset">%t</template>
<template name="question"><Question/>&#160;%n</template>
<template name="reference">%t</template>
<template name="refsynopsisdiv">%t</template>
<template name="segmentedlist">%t</template>
<template name="set">%t</template>
<template name="setindex">%t</template>
<template name="sidebar">%t</template>
<template name="table">%t</template>
<template name="tip">%t</template>
<template name="toc">%t</template>
<template name="variablelist">%t</template>
<template name="varlistentry">%n</template>
<template name="warning">%t</template>
<template name="olink.document.citation"> in %o</template>
<template name="olink.page.citation"> (page %p)</template>
<template name="page.citation"> [%p]</template>
<template name="page">(page %p)</template>
<template name="docname"> in %o</template>
<template name="docnamelong"> in the document titled %o</template>
<template name="pageabbrev">(p. %p)</template>
<template name="Page">Page %p</template>

<template name="bridgehead"><sectioncalled/> <startquote/>%t<endquote/></template>
<template name="refsection"><sectioncalled/> <startquote/>%t<endquote/></template>
<template name="refsect1"><sectioncalled/> <startquote/>%t<endquote/></template>
<template name="refsect2"><sectioncalled/> <startquote/>%t<endquote/></template>
<template name="refsect3"><sectioncalled/> <startquote/>%t<endquote/></template>
<template name="sect1"><sectioncalled/> <startquote/>%t<endquote/></template>
<template name="sect2"><sectioncalled/> <startquote/>%t<endquote/></template>
<template name="sect3"><sectioncalled/> <startquote/>%t<endquote/></template>
<template name="sect4"><sectioncalled/> <startquote/>%t<endquote/></template>
<template name="sect5"><sectioncalled/> <startquote/>%t<endquote/></template>
<template name="section"><sectioncalled/> <startquote/>%t<endquote/></template>
<template name="simplesect"><sectioncalled/> <startquote/>%t<endquote/></template>

</context>

<context name="xref-number">

<template name="answer"><Answer/>&#160;%n</template>
<template name="appendix"><Appendix/>&#160;%n</template>
<template name="bridgehead"><Section/>&#160;%n</template>
<template name="chapter"><Chapter/>&#160;%n</template>
<template name="equation"><Equation/>&#160;%n</template>
<template name="example"><Example/>&#160;%n</template>
<template name="figure"><Figure/>&#160;%n</template>
<template name="part"><Part/>&#160;%n</template>
<template name="procedure"><Procedure/>&#160;%n</template>
<template name="productionset"><ProductionSet/>&#160;%n</template>
<template name="qandadiv"><Qandadiv/>&#160;%n</template>
<template name="qandaentry"><Question/>&#160;%n</template>
<template name="question"><Question/>&#160;%n</template>
<template name="sect1"><Section/>&#160;%n</template>
<template name="sect2"><Section/>&#160;%n</template>
<template name="sect3"><Section/>&#160;%n</template>
<template name="sect4"><Section/>&#160;%n</template>
<template name="sect5"><Section/>&#160;%n</template>
<template name="section"><Section/>&#160;%n</template>
<template name="table"><Table/>&#160;%n</template>

</context>

<context name="xref-number-and-title">

<template name="appendix"><Appendix/>&#160;%n, %t</template>
<template name="bridgehead"><Section/>&#160;%n, <startquote/>%t<endquote/></template>
<template name="chapter"><Chapter/>&#160;%n, %t</template>
<template name="equation"><Equation/>&#160;%n, <startquote/>%t<endquote/></template>
<template name="example"><Example/>&#160;%n, <startquote/>%t<endquote/></template>
<template name="figure"><Figure/>&#160;%n, <startquote/>%t<endquote/></template>
<template name="part"><Part/>&#160;%n, <startquote/>%t<endquote/></template>
<template name="procedure"><Procedure/>&#160;%n, <startquote/>%t<endquote/></template>
<template name="productionset"><ProductionSet/>&#160;%n, <startquote/>%t<endquote/></template>
<template name="qandadiv"><Qandadiv/>&#160;%n, <startquote/>%t<endquote/></template>
<template name="refsect1"><sectioncalled/> <startquote/>%t<endquote/></template>
<template name="refsect2"><sectioncalled/> <startquote/>%t<endquote/></template>
<template name="refsect3"><sectioncalled/> <startquote/>%t<endquote/></template>
<template name="refsection"><sectioncalled/> <startquote/>%t<endquote/></template>
<template name="sect1"><Section/>&#160;%n, <startquote/>%t<endquote/></template>
<template name="sect2"><Section/>&#160;%n, <startquote/>%t<endquote/></template>
<template name="sect3"><Section/>&#160;%n, <startquote/>%t<endquote/></template>
<template name="sect4"><Section/>&#160;%n, <startquote/>%t<endquote/></template>
<template name="sect5"><Section/>&#160;%n, <startquote/>%t<endquote/></template>
<template name="section"><Section/>&#160;%n, <startquote/>%t<endquote/></template>
<template name="simplesect"><sectioncalled/> <startquote/>%t<endquote/></template>
<template name="table"><Table/>&#160;%n, <startquote/>%t<endquote/></template>

</context>

<context name="authorgroup">
<template name="sep"><listcomma/> </template>
<template name="sep2"> <and/> </template>
<template name="seplast"><lastlistcomma/> <and/> </template>
</context>

<context name="glossary">
<template name="see"><GlossSee/> %t.</template>
<template name="seealso"><GlossSeeAlso/> %t.</template>
<template name="seealso-separator">, </template>
</context>

<context name="msgset">
<template name="MsgAud"><MsgAud/>: </template>
<template name="MsgLevel"><MsgLevel/>: </template>
<template name="MsgOrig"><MsgOrig/>: </template>
</context>

<context name="datetime">
<template name="format">m/d/Y</template>
</context>

<context name="termdef">
<template name="prefix">[Definition: </template>
<template name="suffix">]</template>
</context>

<context name="datetime-full">
<template name="January">January</template>
<template name="February">February</template>
<template name="March">March</template>
<template name="April">April</template>
<template name="May">May</template>
<template name="June">June</template>
<template name="July">July</template>
<template name="August">August</template>
<template name="September">September</template>
<template name="October">October</template>
<template name="November">November</template>
<template name="December">December</template>
<template name="Monday">Monday</template>
<template name="Tuesday">Tuesday</template>
<template name="Wednesday">Wednesday</template>
<template name="Thursday">Thursday</template>
<template name="Friday">Friday</template>
<template name="Saturday">Saturday</template>
<template name="Sunday">Sunday</template>
</context>

<context name="datetime-abbrev">
<template name="Jan">Jan</template>
<template name="Feb">Feb</template>
<template name="Mar">Mar</template>
<template name="Apr">Apr</template>
<template name="May">May</template>
<template name="Jun">Jun</template>
<template name="Jul">Jul</template>
<template name="Aug">Aug</template>
<template name="Sep">Sep</template>
<template name="Oct">Oct</template>
<template name="Nov">Nov</template>
<template name="Dec">Dec</template>
<template name="Mon">Mon</template>
<template name="Tue">Tue</template>
<template name="Wed">Wed</template>
<template name="Thu">Thu</template>
<template name="Fri">Fri</template>
<template name="Sat">Sat</template>
<template name="Sun">Sun</template>
</context>

<context name="htmlhelp">
<template name="langcode">0x0439 Hindi</template>
</context>

</locale>