<locale language="ja" english-language-name="Japanese">

<info xmlns="http://docbook.org/ns/docbook">
<authorgroup>
  <author><personname><firstname>Akagi</firstname><surname>Kobayashi</surname></personname>
  <email>akobayashi@valista.com</email>
          
  </author>
  <author><personname><firstname>Karl</firstname><surname>Critz</surname></personname>
  <email>kcritz@mathworks.com</email>
          
  </author>
  <author><personname><firstname>Ralf</firstname><surname>Schleitzer</surname></personname>
  <email>ralf.schleitzer@ixos.de</email>
          
  </author>
</authorgroup>
</info>

<gentext key="Abstract" text="&#27010;&#35201;"/>
<gentext key="abstract" text="&#27010;&#35201;"/>
<gentext key="Answer" text="&#31572;&#65306;"/>
<gentext key="answer" text="&#31572;&#65306;"/>
<gentext key="Appendix" text="&#20184;&#37682;"/>
<gentext key="appendix" text="&#20184;&#37682;"/>
<gentext key="Article" text="&#38917;&#30446;"/>
<gentext key="article" text="&#38917;&#30446;"/>
<gentext key="Author" text="&#33879;&#32773;"/>
<gentext key="Bibliography" text="&#21442;&#32771;&#25991;&#29486;"/>
<gentext key="bibliography" text="&#21442;&#32771;&#25991;&#29486;"/>
<gentext key="Book" text="&#12502;&#12483;&#12463;"/>
<gentext key="book" text="&#12502;&#12483;&#12463;"/>
<gentext key="Caution" text="&#27880;&#24847;"/>
<gentext key="caution" text="&#27880;&#24847;"/>
<gentext key="CAUTION" text="&#27880;&#24847;"/>
<gentext key="chapter" text="&#31456;"/>
<gentext key="Chapter" text="&#31456;"/>
<gentext key="chapter1" text="&#31532;"/>
<gentext key="Chapter1" text="&#31532;"/>
<gentext key="Chapter2" text="&#31456;"/>
<gentext key="chapter2" text="&#31456;"/>
<gentext key="Colophon" text="&#22885;&#20184;"/>
<gentext key="colophon" text="&#22885;&#20184;"/>
<gentext key="Copyright" text="&#35069;&#20316;&#33879;&#20316;"/>
<gentext key="copyright" text="&#35069;&#20316;&#33879;&#20316;"/>
<gentext key="Dedication" text="&#35613;&#36766;"/>
<gentext key="dedication" text="&#35613;&#36766;"/>
<gentext key="Edition" text="&#32232;&#38598;"/>
<gentext key="edition" text="&#32232;&#38598;"/>
<gentext key="Equation" text="&#24335;"/>
<gentext key="equation" text="&#24335;"/>
<gentext key="Example" text="&#20363;"/>
<gentext key="example" text="&#20363;"/>
<gentext key="Figure" text="&#22259;"/>
<gentext key="figure" text="&#22259;"/>
<gentext key="Glossary" text="&#29992;&#35486;&#38598;"/>
<gentext key="glossary" text="&#29992;&#35486;&#38598;"/>
<gentext key="GlossSee" text="&#21442;&#29031;"/>
<gentext key="glosssee" text="&#21442;&#29031;"/>
<gentext key="GlossSeeAlso" text="&#21442;&#29031;"/>
<gentext key="glossseealso" text="&#21442;&#29031;"/>
<gentext key="IMPORTANT" text="&#37325;&#35201;&#38917;&#30446;"/>
<gentext key="Important" text="&#37325;&#35201;&#38917;&#30446;"/>
<gentext key="important" text="&#37325;&#35201;&#38917;&#30446;"/>
<gentext key="Index" text="&#32034;&#24341;"/>
<gentext key="index" text="&#32034;&#24341;"/>
<gentext key="ISBN" text="ISBN"/>
<gentext key="isbn" text="ISBN"/>
<gentext key="LegalNotice" text="&#27861;&#24459;&#19978;&#12398;&#36890;&#30693;"/>
<gentext key="legalnotice" text="&#27861;&#24459;&#19978;&#12398;&#36890;&#30693;"/>
<gentext key="MsgAud" text="&#23550;&#35937;&#32773;"/>
<gentext key="msgaud" text="&#23550;&#35937;&#32773;"/>
<gentext key="MsgLevel" text="&#12524;&#12505;&#12523;"/>
<gentext key="msglevel" text="&#12524;&#12505;&#12523;"/>
<gentext key="MsgOrig" text="&#30330;&#20449;&#20803;"/>
<gentext key="msgorig" text="&#30330;&#20449;&#20803;"/>
<gentext key="note" text="&#27880;&#35352;"/>
<gentext key="Note" text="&#27880;&#35352;"/>
<gentext key="NOTE" text="&#27880;&#35352;"/>
<gentext key="Part" text="&#12497;&#12540;&#12488;"/>
<gentext key="part" text="&#12497;&#12540;&#12488;"/>
<gentext key="Preface" text="&#24207;&#25991;"/>
<gentext key="preface" text="&#24207;&#25991;"/>
<gentext key="Procedure" text="&#25163;&#38918;"/>
<gentext key="procedure" text="&#25163;&#38918;"/>
<gentext key="ProductionSet" text="&#12503;&#12525;&#12480;&#12463;&#12471;&#12519;&#12531;"/>
<gentext key="Published" text="&#30330;&#34892;"/>
<gentext key="published" text="&#30330;&#34892;"/>
<gentext key="Qandadiv" text="&#21839;&#65306;&#12289;&#31572;&#65306;"/>
<gentext key="qandadiv" text="&#21839;&#65306;&#12289;&#31572;&#65306;"/>
<gentext key="Question" text="&#21839;&#65306;"/>
<gentext key="question" text="&#21839;&#65306;"/>
<gentext key="RefEntry" text=""/>
<gentext key="refentry" text=""/>
<gentext key="Reference" text="&#21442;&#29031;"/>
<gentext key="reference" text="&#21442;&#29031;"/>
<gentext key="RefName" text="&#21517;&#21069;"/>
<gentext key="refname" text="&#21517;&#21069;"/>
<gentext key="RefSection" text=""/>
<gentext key="refsection" text=""/>
<gentext key="RefSynopsisDiv" text="&#27010;&#35201;"/>
<gentext key="refsynopsisdiv" text="&#27010;&#35201;"/>
<gentext key="RevHistory" text="&#25913;&#35330;&#23653;&#27508;"/>
<gentext key="revhistory" text="&#25913;&#35330;&#23653;&#27508;"/>
<gentext key="revision" text="&#25913;&#35330;"/>
<gentext key="Revision" text="&#25913;&#35330;"/>
<gentext key="sect1" text="&#38917;"/>
<gentext key="sect2" text="&#38917;"/>
<gentext key="sect3" text="&#38917;"/>
<gentext key="sect4" text="&#38917;"/>
<gentext key="sect5" text="&#38917;"/>
<gentext key="Section" text="&#38917;"/>
<gentext key="section" text="&#38917;"/>
<gentext key="See" text="&#21442;&#29031;"/>
<gentext key="see" text="&#21442;&#29031;"/>
<gentext key="seealso" text="&#21442;&#29031;"/>
<gentext key="SeeAlso" text="&#21442;&#29031;"/>
<gentext key="Seealso" text="&#21442;&#29031;"/>
<gentext key="Set" text="&#35373;&#23450;"/>
<gentext key="set" text="&#35373;&#23450;"/>
<gentext key="SetIndex" text="&#30446;&#27425;&#35373;&#23450;"/>
<gentext key="setindex" text="&#30446;&#27425;&#35373;&#23450;"/>
<gentext key="Sidebar" text=""/>
<gentext key="sidebar" text="&#12469;&#12452;&#12489;&#12496;&#12540;"/>
<gentext key="step" text="&#12473;&#12486;&#12483;&#12503;"/>
<gentext key="Step" text="&#12473;&#12486;&#12483;&#12503;"/>
<gentext key="table" text="&#34920;"/>
<gentext key="Table" text="&#34920;"/>
<gentext key="TIP" text="&#12486;&#12451;&#12483;&#12503;"/>
<gentext key="Tip" text="&#12486;&#12451;&#12483;&#12503;"/>
<gentext key="tip" text="&#12486;&#12451;&#12483;&#12503;"/>
<gentext key="WARNING" text="&#35686;&#21578;"/>
<gentext key="Warning" text="&#35686;&#21578;"/>
<gentext key="warning" text="&#35686;&#21578;"/>

<gentext key="and" text="&#12289;"/>
<gentext key="by" text="&#65306;"/>
<gentext key="Edited" text="&#32232;&#32773;"/>
<gentext key="edited" text="&#32232;&#32773;"/>
<gentext key="Editedby" text="&#32232;&#32773;&#65306;"/>
<gentext key="editedby" text="&#32232;&#32773;&#65306;"/>
<gentext key="in" text=""/>
<gentext key="lastlistcomma" text=","/>
<gentext key="listcomma" text=","/>
<gentext key="notes" text="&#27880;&#35352;"/>
<gentext key="Notes" text="&#27880;&#35352;"/>
<gentext key="Pgs" text="&#20583;&#29486;"/>
<gentext key="pgs" text="&#20583;&#29486;"/>
<gentext key="Revisedby" text="Revised by: "/>
<gentext key="revisedby" text="Revised by: "/> 
<gentext key="TableNotes" text="&#27880;&#24847;"/>
<gentext key="tablenotes" text="&#27880;&#24847;"/>
<gentext key="TableofContents" text="&#30446;&#27425;"/>
<gentext key="tableofcontents" text="&#30446;&#27425;"/>
<gentext key="unexpectedelementname" text="&#19981;&#26126;&#12394;&#35201;&#32032;&#21517;"/>
<gentext key="unsupported" text="&#12469;&#12509;&#12540;&#12488;&#12375;&#12414;&#12379;&#12435;"/>
<gentext key="xrefto" text="xref to"/> 

<gentext key="listofequations" text="&#24335;&#30446;&#27425;"/>
<gentext key="ListofEquations" text="&#24335;&#30446;&#27425;"/>
<gentext key="ListofExamples" text="&#20363;&#30446;&#27425;"/>
<gentext key="listofexamples" text="&#20363;&#30446;&#27425;"/>
<gentext key="ListofFigures" text="&#22259;&#30446;&#27425;"/>
<gentext key="listoffigures" text="&#22259;&#30446;&#27425;"/>
<gentext key="listoftables" text="&#34920;&#30446;&#27425;"/>
<gentext key="ListofTables" text="&#34920;&#30446;&#27425;"/>
<gentext key="ListofUnknown" text="&#19981;&#26126;&#30446;&#27425;"/>
<gentext key="listofunknown" text="&#19981;&#26126;&#30446;&#27425;"/>

<gentext key="nav-home" text="&#12507;&#12540;&#12512;"/>
<gentext key="nav-next" text="&#27425;&#12398;&#12506;&#12540;&#12472;"/>
<gentext key="nav-next-sibling" text="&#26089;&#36865;&#12426;"/>
<gentext key="nav-prev" text="&#21069;&#12398;&#12506;&#12540;&#12472;"/>
<gentext key="nav-prev-sibling" text="&#24059;&#25147;&#12375;"/>
<gentext key="nav-up" text="&#19978;&#12395;&#25147;&#12427;"/>

<gentext key="index symbols" text="&#12471;&#12531;&#12508;&#12523;"/>
<gentext key="writing-mode" text="lr-tb"/>
<gentext key="Draft" text="Draft"/> 
<gentext key="above" text="above"/> 
<gentext key="below" text="below"/> 
<gentext key="sectioncalled" text="the section called"/> 

<dingbat key="startquote" text="&#12300;"/>
<dingbat key="endquote" text="&#12301;"/>
<dingbat key="nestedstartquote" text="&#12302;"/>
<dingbat key="nestedendquote" text="&#12303;"/>
<dingbat key="bullet" text="&#9679;"/>

<context name="styles">

<template name="person-name">family-given</template>

</context>

<context name="title">

<template name="abstract">%t</template>
<template name="answer">%t</template>
<template name="appendix"><Appendix/>%n %t</template> 
<template name="article">%t</template>
<template name="authorblurb">%t</template>
<template name="bibliodiv">%t</template>
<template name="biblioentry">%t</template>
<template name="bibliography">%t</template>
<template name="bibliomixed">%t</template>
<template name="bibliomset">%t</template>
<template name="biblioset">%t</template>
<template name="blockquote">%t</template>
<template name="book">%t</template>
<template name="calloutlist">%t</template>
<template name="caution">%t</template>
<template name="chapter"><Chapter1/>%n<Chapter2/>%t</template>
<template name="colophon">%t</template>
<template name="dedication">%t</template>
<template name="equation"><Equation/>%n %t</template> 
<template name="example"><Example/>%n %t</template> 
<template name="figure"><Figure/>%n %t</template> 
<template name="formalpara">%t</template>
<template name="glossary">%t</template>
<template name="glossdiv">%t</template>
<template name="important">%t</template>
<template name="index">%t</template>
<template name="indexdiv">%t</template>
<template name="itemizedlist">%t</template>
<template name="legalnotice">%t</template>
<template name="listitem"/>
<template name="lot">%t</template>
<template name="msg">%t</template>
<template name="msgexplan">%t</template>
<template name="msgmain">%t</template>
<template name="msgrel">%t</template>
<template name="msgset">%t</template>
<template name="msgsub">%t</template>
<template name="note">%t</template>
<template name="orderedlist">%t</template>
<template name="part"><Part/>%n %t</template> 
<template name="partintro">%t</template>
<template name="preface">%t</template>
<template name="procedure">%t</template>
<template name="procedure.formal"><Procedure/>%n %t</template> 
<template name="productionset">%t</template>
<template name="productionset.formal"><ProductionSet/> %n</template>
<template name="qandadiv">%t</template>
<template name="qandaentry">%t</template>
<template name="qandaset">%t</template>
<template name="question">%t</template>
<template name="refentry">%t</template>
<template name="reference">%t</template>
<template name="refsection">%t</template>
<template name="refsect1">%t</template>
<template name="refsect2">%t</template>
<template name="refsect3">%t</template>
<template name="refsynopsisdiv">%t</template>
<template name="refsynopsisdivinfo">%t</template>
<template name="segmentedlist">%t</template>
<template name="set">%t</template>
<template name="setindex">%t</template>
<template name="sidebar">%t</template>
<template name="step">%t</template>
<template name="table"><Table/>%n %t</template> 
<template name="tip">%t</template>
<template name="toc">%t</template>
<template name="variablelist">%t</template>
<template name="warning">%t</template>

</context>

<context name="title-unnumbered">

<template name="appendix">%t</template>
<template name="chapter">%t</template>
<template name="bridgehead">%t</template>
<template name="sect1">%t</template>
<template name="sect2">%t</template>
<template name="sect3">%t</template>
<template name="sect4">%t</template>
<template name="sect5">%t</template>
<template name="section">%t</template>
<template name="simplesect">%t</template>

</context>

<context name="title-numbered">

<template name="appendix"><Appendix/>%n %t</template> 
<template name="bridgehead">%n %t</template> 
<template name="chapter"><Chapter1/>%n<Chapter2/> %t</template>
<template name="part"><Part/>&#160;%n.&#160;%t</template>
<template name="sect1">%n. %t</template>
<template name="sect2">%n. %t</template>
<template name="sect3">%n. %t</template>
<template name="sect4">%n. %t</template>
<template name="sect5">%n. %t</template>
<template name="section">%n. %t</template>
<template name="simplesect">%t</template>

</context>

<context name="subtitle">

<template name="appendix">%s</template>
<template name="article">%s</template>
<template name="bibliodiv">%s</template>
<template name="biblioentry">%s</template>
<template name="bibliography">%s</template>
<template name="bibliomixed">%s</template>
<template name="bibliomset">%s</template>
<template name="biblioset">%s</template>
<template name="book">%s</template>
<template name="chapter">%s</template>
<template name="colophon">%s</template>
<template name="dedication">%s</template>
<template name="glossary">%s</template>
<template name="glossdiv">%s</template>
<template name="index">%s</template>
<template name="indexdiv">%s</template>
<template name="lot">%s</template>
<template name="part">%s</template>
<template name="partintro">%s</template>
<template name="preface">%s</template>
<template name="refentry">%s</template>
<template name="reference">%s</template>
<template name="refsection">%s</template>
<template name="refsect1">%s</template>
<template name="refsect2">%s</template>
<template name="refsect3">%s</template>
<template name="refsynopsisdiv">%s</template>
<template name="sect1">%s</template>
<template name="sect2">%s</template>
<template name="sect3">%s</template>
<template name="sect4">%s</template>
<template name="sect5">%s</template>
<template name="section">%s</template>
<template name="set">%s</template>
<template name="setindex">%s</template>
<template name="sidebar">%s</template>
<template name="simplesect">%s</template>
<template name="toc">%s</template>

</context>

<context name="xref">
<template name="abstract">%t</template>
<template name="answer"><Answer/>&#160;%n</template>
<template name="appendix">%t</template>
<template name="article">%t</template>
<template name="authorblurb">%t</template>
<template name="bibliodiv">%t</template>
<template name="bibliography">%t</template>
<template name="bibliomset">%t</template>
<template name="biblioset">%t</template>
<template name="blockquote">%t</template>
<template name="book">%t</template>
<template name="calloutlist">%t</template>
<template name="caution">%t</template>
<template name="chapter">%t</template>
<template name="colophon">%t</template>
<template name="constraintdef">%t</template>
<template name="dedication">%t</template>
<template name="equation">%t</template>
<template name="example">%t</template>
<template name="figure">%t</template>
<template name="formalpara">%t</template>
<template name="glossary">%t</template>
<template name="glossdiv">%t</template>
<template name="important">%t</template>
<template name="index">%t</template>
<template name="indexdiv">%t</template>
<template name="itemizedlist">%t</template>
<template name="legalnotice">%t</template>
<template name="listitem">%n</template>
<template name="lot">%t</template>
<template name="msg">%t</template>
<template name="msgexplan">%t</template>
<template name="msgmain">%t</template>
<template name="msgrel">%t</template>
<template name="msgset">%t</template>
<template name="msgsub">%t</template>
<template name="note">%t</template>
<template name="orderedlist">%t</template>
<template name="part">%t</template>
<template name="partintro">%t</template>
<template name="preface">%t</template>
<template name="procedure">%t</template>
<template name="productionset">%t</template>
<template name="qandadiv">%t</template>
<template name="qandaentry"><Question/>&#160;%n</template>
<template name="qandaset">%t</template>
<template name="question"><Question/>&#160;%n</template>
<template name="reference">%t</template>
<template name="refsynopsisdiv">%t</template>
<template name="segmentedlist">%t</template>
<template name="set">%t</template>
<template name="setindex">%t</template>
<template name="sidebar">%t</template>
<template name="table">%t</template>
<template name="tip">%t</template>
<template name="toc">%t</template>
<template name="variablelist">%t</template>
<template name="varlistentry">%n</template>
<template name="warning">%t</template>
<template name="page.citation"> [%p]</template>

<template name="bridgehead"><startquote/>%t<endquote/></template> 
<template name="refsection"><startquote/>%t<endquote/></template>
<template name="refsect1"><startquote/>%t<endquote/></template>
<template name="refsect2"><startquote/>%t<endquote/>t</template>
<template name="refsect3"><startquote/>%t<endquote/></template>
<template name="sect1"><startquote/>%t<endquote/></template>
<template name="sect2"><startquote/>%t<endquote/></template>
<template name="sect3"><startquote/>%t<endquote/></template>
<template name="sect4"><startquote/>%t<endquote/></template>
<template name="sect5"><startquote/>%t<endquote/></template>
<template name="section"><startquote/>%t<endquote/></template>
<template name="simplesect"><startquote/>%t<endquote/></template>

</context>

<context name="xref-number">

<template name="answer"><Answer/>&#160;%n</template>
<template name="appendix"><Appendix/>%n</template>
<template name="bridgehead"><Section/>&#160;%n</template>
<template name="chapter"><Chapter1/>%n<Chapter2/></template>
<template name="equation"><Equation/>&#160;%n</template>
<template name="example"><Example/>&#160;%n</template>
<template name="figure"><Figure/>&#160;%n</template>
<template name="part"><Part/>&#160;%n</template>
<template name="procedure"><Procedure/>&#160;%n</template>
<template name="productionset"><ProductionSet/>&#160;%n</template>
<template name="qandadiv"><Qandadiv/>&#160;%n</template>
<template name="qandaentry"><Question/>&#160;%n</template>
<template name="question"><Question/>&#160;%n</template>
<template name="sect1">%n</template>  
<template name="sect2">%n</template>
<template name="sect3">%n</template>
<template name="sect4">%n</template>
<template name="sect5">%n</template>
<template name="section">%n</template>
<template name="table"><Table/>&#160;%n</template>

</context>

<context name="xref-number-and-title">

<template name="appendix"><Appendix/>%n %t</template>  
<template name="bridgehead">%n<Section/><startquote/>%t<endquote/></template> 
<template name="chapter">%n<Chapter2/>%t</template> 
<template name="equation"><Equation/>%n<startquote/>%t<endquote/></template>  
<template name="example"><Example/>%n<startquote/>%t<endquote/></template>   
<template name="figure"><Figure/>%n<startquote/>%t<endquote/></template>
<template name="part"><Part/>%n<startquote/>%t<endquote/></template>
<template name="procedure"><Procedure/>%n<startquote/>%t<endquote/></template>
<template name="productionset"><ProductionSet/>%n<startquote/>%t<endquote/></template>
<template name="qandadiv"><Qandadiv/>%n<startquote/>%t<endquote/></template>
<template name="refsect1"><startquote/>%t<endquote/></template>
<template name="refsect2"><startquote/>%t<endquote/></template>
<template name="refsect3"><startquote/>%t<endquote/></template>
<template name="refsection"><startquote/>%t<endquote/></template>
<template name="sect1"><startquote/>%t<endquote/></template>
<template name="sect2"><startquote/>%t<endquote/></template>
<template name="sect3"><startquote/>%t<endquote/></template>
<template name="sect4"><startquote/>%t<endquote/></template>
<template name="sect5"><startquote/>%t<endquote/></template>
<template name="section"><startquote/>%t<endquote/></template>
<template name="simplesect"><startquote/>%t<endquote/></template>
<template name="table"><Table/>%n<startquote/>%t<endquote/></template> 

</context>

<context name="authorgroup">
<template name="sep"><listcomma/> </template>
<template name="sep2"> <and/> </template>
<template name="seplast"><lastlistcomma/> <and/> </template>
</context>

<context name="glossary">
<template name="see">%t<GlossSee/></template> 
<template name="seealso">%t<GlossSeeAlso/></template>  
<template name="seealso-separator">, </template>
</context>

<context name="msgset">
<template name="MsgAud"><MsgAud/>: </template>
<template name="MsgLevel"><MsgLevel/>: </template>
<template name="MsgOrig"><MsgOrig/>: </template>
</context>

<context name="htmlhelp">
<template name="langcode">0x0411 Japanese</template>
</context>

</locale>