<locale language="lt" english-language-name="Lithuanian">

<info xmlns="http://docbook.org/ns/docbook">
<authorgroup>
  <author><personname><firstname>K&#281;stutis</firstname><surname>Bili&#363;nas</surname></personname>
  <email>kebil@kaunas.init.lt</email>
          
  </author>
  <author><personname><firstname>Nikolajus</firstname><surname>Krauklis</surname></personname>
  <email>nikolajus@avc.lt</email>
          
  </author>
</authorgroup>
</info>

<gentext key="Abstract" text="Santrauka"/>
<gentext key="abstract" text="Santrauka"/>
<gentext key="Answer" text="Ats:"/>
<gentext key="answer" text="Ats:"/>
<gentext key="Appendix" text="Priedas"/>
<gentext key="appendix" text="Priedas"/>
<gentext key="Article" text="Straipsnis"/>
<gentext key="article" text="Straipsnis"/>
<gentext key="Author" text="Autorius"/>
<gentext key="Bibliography" text="Bibliografija"/>
<gentext key="bibliography" text="Bibliografija"/>
<gentext key="Book" text="Knyga"/>
<gentext key="book" text="Knyga"/>
<gentext key="CAUTION" text="ATSARGIAI"/>
<gentext key="Caution" text="Atsargiai"/>
<gentext key="caution" text="Atsargiai"/>
<gentext key="Chapter" text="Skyrius"/>
<gentext key="chapter" text="Skyrius"/>
<gentext key="Colophon" text="Knygos metrika"/>
<gentext key="colophon" text="Knygos metrika"/>
<gentext key="Copyright" text="Autorin&#279;s teis&#279;s"/>
<gentext key="copyright" text="Autorin&#279;s teis&#279;s"/>
<gentext key="Dedication" text="Dedikacija"/>
<gentext key="dedication" text="Dedikacija"/>
<gentext key="Edition" text="Leidimas"/>
<gentext key="edition" text="Leidimas"/>
<gentext key="Equation" text="Lygtis"/>
<gentext key="equation" text="Lygtis"/>
<gentext key="Example" text="Pavyzdys"/>
<gentext key="example" text="Pavyzdys"/>
<gentext key="Figure" text="Pav."/>
<gentext key="figure" text="Pav."/>
<gentext key="Glossary" text="Termin&#371; &#382;odynas"/>
<gentext key="glossary" text="Termin&#371; &#382;odynas"/>
<gentext key="GlossSee" text="&#381;r."/>
<gentext key="glosssee" text="&#381;r."/>
<gentext key="GlossSeeAlso" text="Taip pat &#382;r."/>
<gentext key="glossseealso" text="Taip pat &#382;r."/>
<gentext key="IMPORTANT" text="SVARBU"/>
<gentext key="important" text="Svarbu"/>
<gentext key="Important" text="Svarbu"/>
<gentext key="Index" text="Rodykl&#279;"/>
<gentext key="index" text="Rodykl&#279;"/>
<gentext key="ISBN" text="ISBN"/>
<gentext key="isbn" text="ISBN"/>
<gentext key="LegalNotice" text="Teisin&#279; pastaba"/>
<gentext key="legalnotice" text="Teisin&#279; pastaba"/>
<gentext key="MsgAud" text="Auditorija"/>
<gentext key="msgaud" text="Auditorija"/>
<gentext key="MsgLevel" text="Lygmuo"/>
<gentext key="msglevel" text="Lygmuo"/>
<gentext key="MsgOrig" text="Kilm&#279;"/>
<gentext key="msgorig" text="Kilm&#279;"/>
<gentext key="NOTE" text="PASTABA"/>
<gentext key="Note" text="Pastaba"/>
<gentext key="note" text="Pastaba"/>
<gentext key="Part" text="Dalis"/>
<gentext key="part" text="Dalis"/>
<gentext key="Preface" text="&#302;vadas"/>
<gentext key="preface" text="&#302;vadas"/>
<gentext key="Procedure" text="Proced&#363;ra"/>
<gentext key="procedure" text="Proced&#363;ra"/>
<gentext key="ProductionSet" text="Produkcija"/>
<gentext key="PubDate" text="I&#353;leidimo data"/>
<gentext key="pubdate" text="I&#353;leidimo data"/>
<gentext key="Published" text="I&#353;leistas"/>
<gentext key="published" text="I&#353;leistas"/>
<gentext key="Qandadiv" text="Klaus. ir Ats."/>
<gentext key="qandadiv" text="Klaus. ir Ats."/>
<gentext key="Question" text="Klaus.:"/>
<gentext key="question" text="Klaus.:"/>
<gentext key="RefEntry" text=""/>
<gentext key="refentry" text=""/>
<gentext key="Reference" text="Nuoroda"/>
<gentext key="reference" text="Nuoroda"/>
<gentext key="References" text="Nuorodos"/>
<gentext key="RefName" text="Pavadinimas"/>
<gentext key="refname" text="Pavadinimas"/>
<gentext key="RefSection" text=""/>
<gentext key="refsection" text=""/>
<gentext key="RefSynopsisDiv" text="Trumpa ap&#382;valga"/>
<gentext key="refsynopsisdiv" text="Trumpa ap&#382;valga"/>
<gentext key="RevHistory" text="Pataisym&#371; istorija"/>
<gentext key="revhistory" text="Pataisym&#371; istorija"/>
<gentext key="revision" text="Pataisytas leidimas"/>
<gentext key="Revision" text="Pataisytas leidimas"/>
<gentext key="sect1" text="Skyrius"/>
<gentext key="sect2" text="Skyrius"/>
<gentext key="sect3" text="Skyrius"/>
<gentext key="sect4" text="Skyrius"/>
<gentext key="sect5" text="Skyrius"/>
<gentext key="section" text="Skyrius"/>
<gentext key="Section" text="Skyrius"/>
<gentext key="see" text="&#382;r."/>             
<gentext key="See" text="&#381;r."/>
<gentext key="seealso" text="taip pat &#382;r."/>    
<gentext key="Seealso" text="Taip pat &#382;r."/>
<gentext key="SeeAlso" text="Taip pat &#382;r."/>
<gentext key="set" text="Set"/>			
<gentext key="Set" text="Set"/>			
<gentext key="setindex" text="Set Index"/>	
<gentext key="SetIndex" text="Set Index"/>	
<gentext key="Sidebar" text=""/>
<gentext key="sidebar" text="sidebar"/>		
<gentext key="step" text="&#382;ingsnis"/>
<gentext key="Step" text="&#381;ingsnis"/>
<gentext key="Table" text="Lentel&#279;"/>
<gentext key="table" text="Lentel&#279;"/>
<gentext key="tip" text="Patarimas"/>
<gentext key="TIP" text="PATARIMAS"/>
<gentext key="Tip" text="Patarimas"/>
<gentext key="Warning" text="&#302;sp&#279;jimas"/>
<gentext key="warning" text="&#302;sp&#279;jimas"/>
<gentext key="WARNING" text="&#302;SP&#278;JIMAS"/>

<gentext key="and" text="ir"/>
<gentext key="by" text=""/>
<gentext key="called" text="called"/>		
<gentext key="Edited" text="Redaguotas"/>
<gentext key="edited" text="Redaguotas"/>
<gentext key="Editedby" text="Redagavo"/>
<gentext key="editedby" text="Redagavo"/>
<gentext key="in" text=""/>
<gentext key="lastlistcomma" text=","/>
<gentext key="listcomma" text=","/>
<gentext key="notes" text="Pastabos"/>
<gentext key="Notes" text="Pastabos"/>
<gentext key="Pgs" text="P."/>
<gentext key="pgs" text="P."/>
<gentext key="Revisedby" text="Patais&#279;: "/>
<gentext key="revisedby" text="Patais&#279;: "/>
<gentext key="TableNotes" text="Pastabos"/>
<gentext key="tablenotes" text="Pastabos"/>
<gentext key="TableofContents" text="Turinys"/>
<gentext key="tableofcontents" text="Turinys"/>
<gentext key="the" text=""/>
<gentext key="unexpectedelementname" text="Nenumatyto elemento pavadinimas"/>
<gentext key="unsupported" text="nepalaikomas"/>
<gentext key="xrefto" text="xref &#303;"/>

<gentext key="listofequations" text="Lyg&#269;i&#371; s&#261;ra&#353;as"/>
<gentext key="ListofEquations" text="Lyg&#269;i&#371; s&#261;ra&#353;as"/>
<gentext key="ListofExamples" text="Pavyzd&#382;i&#371; s&#261;ra&#353;as"/>
<gentext key="listofexamples" text="Pavyzd&#382;i&#371; s&#261;ra&#353;as"/>
<gentext key="ListofFigures" text="Paveiksl&#371; s&#261;ra&#353;as"/>
<gentext key="listoffigures" text="Paveiksl&#371; s&#261;ra&#353;as"/>
<gentext key="ListofProcedures" text="Proced&#363;r&#371; s&#261;ra&#353;as"/>
<gentext key="listofprocedures" text="Proced&#363;r&#371; s&#261;ra&#353;as"/>
<gentext key="listoftables" text="Lenteli&#371; s&#261;ra&#353;as"/>
<gentext key="ListofTables" text="Lenteli&#371; s&#261;ra&#353;as"/>
<gentext key="ListofUnknown" text="Ne&#382;inomas s&#261;ra&#353;as"/>
<gentext key="listofunknown" text="Ne&#382;inomas s&#261;ra&#353;as"/>

<gentext key="nav-home" text="&#302; prad&#382;i&#261;"/>
<gentext key="nav-next" text="Tolesnis"/>
<gentext key="nav-next-sibling" text="Spartus pirmyn"/>
<gentext key="nav-prev" text="Ankstesnis"/>
<gentext key="nav-prev-sibling" text="Spartus atgal"/>
<gentext key="nav-up" text="Auk&#353;tyn"/>
<gentext key="nav-toc" text="Turinys"/>

<gentext key="Draft" text="Planas"/>
<gentext key="above" text="auk&#353;&#269;iau"/>
<gentext key="below" text="&#382;emiau"/>
<gentext key="sectioncalled" text="skyrius pavadinimu"/>
<gentext key="index symbols" text="Simboliai"/>
<gentext key="writing-mode" text="lr-tb"/>

<gentext key="lowercase.alpha" text="a&#261;bc&#269;de&#281;&#279;fghi&#303;yjklmnoprs&#353;tu&#371;&#363;vz&#382;qwx"/>
<gentext key="uppercase.alpha" text="A&#260;BC&#268;DE&#280;&#278;FGHI&#302;YJKLMNOPRS&#352;TU&#370;&#362;VZ&#381;QWX"/>

<dingbat key="startquote" text="&#8222;"/>
<dingbat key="endquote" text="&#8220;"/>
<dingbat key="nestedstartquote" text="&#8216;"/>
<dingbat key="nestedendquote" text="&#8217;"/>
<dingbat key="singlestartquote" text="&#8216;"/>
<dingbat key="singleendquote" text="&#8217;"/>
<dingbat key="bullet" text="&#8226;"/>


<gentext key="hyphenation-character" text="-"/>
<gentext key="hyphenation-push-character-count" text="2"/>
<gentext key="hyphenation-remain-character-count" text="2"/>

<context name="styles">

<template name="person-name">first-last</template>

</context>

<context name="title">

<template name="abstract">%t</template>
<template name="answer">%t</template>
<template name="appendix"><Appendix/>&#160;%n.&#160;%t</template>
<template name="article">%t</template>
<template name="authorblurb">%t</template>
<template name="bibliodiv">%t</template>
<template name="biblioentry">%t</template>
<template name="bibliography">%t</template>
<template name="bibliolist">%t</template>
<template name="bibliomixed">%t</template>
<template name="bibliomset">%t</template>
<template name="biblioset">%t</template>
<template name="blockquote">%t</template>
<template name="book">%t</template>
<template name="calloutlist">%t</template>
<template name="caution">%t</template>
<template name="chapter"><Chapter/>&#160;%n.&#160;%t</template>
<template name="colophon">%t</template>
<template name="dedication">%t</template>
<template name="equation"><Equation/>&#160;%n.&#160;%t</template>
<template name="example"><Example/>&#160;%n.&#160;%t</template>
<template name="figure"><Figure/>&#160;%n.&#160;%t</template>
<template name="foil">%t</template>	
<template name="foilgroup">%t</template>  
<template name="formalpara">%t</template>
<template name="glossary">%t</template>
<template name="glossdiv">%t</template>
<template name="glosslist">%t</template>
<template name="glossentry">%t</template>
<template name="important">%t</template>
<template name="index">%t</template>
<template name="indexdiv">%t</template>
<template name="itemizedlist">%t</template>
<template name="legalnotice">%t</template>
<template name="listitem"/>
<template name="lot">%t</template>
<template name="msg">%t</template>
<template name="msgexplan">%t</template>
<template name="msgmain">%t</template>
<template name="msgrel">%t</template>
<template name="msgset">%t</template>
<template name="msgsub">%t</template>
<template name="note">%t</template>
<template name="orderedlist">%t</template>
<template name="part"><Part/>&#160;%n.&#160;%t</template>
<template name="partintro">%t</template>
<template name="preface">%t</template>
<template name="procedure">%t</template>
<template name="procedure.formal"><Procedure/>&#160;%n.&#160;%t</template>
<template name="productionset">%t</template>
<template name="productionset.formal"><ProductionSet/>&#160;%n</template>
<template name="qandadiv">%t</template>
<template name="qandaentry">%t</template>
<template name="qandaset">%t</template>
<template name="question">%t</template>
<template name="refentry">%t</template>
<template name="reference">%t</template>
<template name="refsection">%t</template>
<template name="refsect1">%t</template>
<template name="refsect2">%t</template>
<template name="refsect3">%t</template>
<template name="refsynopsisdiv">%t</template>
<template name="refsynopsisdivinfo">%t</template>
<template name="segmentedlist">%t</template>
<template name="set">%t</template>
<template name="setindex">%t</template>
<template name="sidebar">%t</template>
<template name="step">%t</template>
<template name="table"><Table/>&#160;%n.&#160;%t</template>
<template name="task">%t</template>
<template name="tip">%t</template>
<template name="toc">%t</template>
<template name="variablelist">%t</template>
<template name="varlistentry"/>
<template name="warning">%t</template>

</context>

<context name="title-unnumbered">

<template name="appendix">%t</template>
<template name="article/appendix">%t</template>
<template name="bridgehead">%t</template>
<template name="chapter">%t</template>
<template name="sect1">%t</template>
<template name="sect2">%t</template>
<template name="sect3">%t</template>
<template name="sect4">%t</template>
<template name="sect5">%t</template>
<template name="section">%t</template>
<template name="simplesect">%t</template>
<template name="part">%t</template>

</context>

<context name="title-numbered">

<template name="appendix"><Appendix/>&#160;%n.&#160;%t</template>
<template name="article/appendix">%n.&#160;%t</template>
<template name="bridgehead">%n.&#160;%t</template>
<template name="chapter"><Chapter/>&#160;%n.&#160;%t</template>
<template name="sect1">%n.&#160;%t</template>
<template name="sect2">%n.&#160;%t</template>
<template name="sect3">%n.&#160;%t</template>
<template name="sect4">%n.&#160;%t</template>
<template name="sect5">%n.&#160;%t</template>
<template name="section">%n.&#160;%t</template>
<template name="simplesect">%t</template>
<template name="part"><Part/>&#160;%n.&#160;%t</template>

</context>

<context name="subtitle">

<template name="appendix">%s</template>
<template name="article">%s</template>
<template name="bibliodiv">%s</template>
<template name="biblioentry">%s</template>
<template name="bibliography">%s</template>
<template name="bibliomixed">%s</template>
<template name="bibliomset">%s</template>
<template name="biblioset">%s</template>
<template name="book">%s</template>
<template name="chapter">%s</template>
<template name="colophon">%s</template>
<template name="dedication">%s</template>
<template name="glossary">%s</template>
<template name="glossdiv">%s</template>
<template name="index">%s</template>
<template name="indexdiv">%s</template>
<template name="lot">%s</template>
<template name="part">%s</template>
<template name="partintro">%s</template>
<template name="preface">%s</template>
<template name="refentry">%s</template>
<template name="reference">%s</template>
<template name="refsection">%s</template>
<template name="refsect1">%s</template>
<template name="refsect2">%s</template>
<template name="refsect3">%s</template>
<template name="refsynopsisdiv">%s</template>
<template name="sect1">%s</template>
<template name="sect2">%s</template>
<template name="sect3">%s</template>
<template name="sect4">%s</template>
<template name="sect5">%s</template>
<template name="section">%s</template>
<template name="set">%s</template>
<template name="setindex">%s</template>
<template name="sidebar">%s</template>
<template name="simplesect">%s</template>
<template name="toc">%s</template>

</context>

<context name="xref">
<template name="abstract">%t</template>
<template name="answer"><Answer/>&#160;%n</template>
<template name="appendix">%t</template>
<template name="article">%t</template>
<template name="authorblurb">%t</template>
<template name="bibliodiv">%t</template>
<template name="bibliography">%t</template>
<template name="bibliomset">%t</template>
<template name="biblioset">%t</template>
<template name="blockquote">%t</template>
<template name="book">%t</template>
<template name="calloutlist">%t</template>
<template name="caution">%t</template>
<template name="chapter">%t</template>
<template name="colophon">%t</template>
<template name="constraintdef">%t</template>
<template name="dedication">%t</template>
<template name="equation">%t</template>
<template name="example">%t</template>
<template name="figure">%t</template>
<template name="foil">%t</template>	
<template name="foilgroup">%t</template> 
<template name="formalpara">%t</template>
<template name="glossary">%t</template>
<template name="glossdiv">%t</template>
<template name="important">%t</template>
<template name="index">%t</template>
<template name="indexdiv">%t</template>
<template name="itemizedlist">%t</template>
<template name="legalnotice">%t</template>
<template name="listitem">%n</template>
<template name="lot">%t</template>
<template name="msg">%t</template>
<template name="msgexplan">%t</template>
<template name="msgmain">%t</template>
<template name="msgrel">%t</template>
<template name="msgset">%t</template>
<template name="msgsub">%t</template>
<template name="note">%t</template>
<template name="orderedlist">%t</template>
<template name="part">%t</template>
<template name="partintro">%t</template>
<template name="preface">%t</template>
<template name="procedure">%t</template>
<template name="productionset">%t</template>
<template name="qandadiv">%t</template>
<template name="qandaentry"><Question/>&#160;%n</template>
<template name="qandaset">%t</template>
<template name="question"><Question/>&#160;%n</template>
<template name="reference">%t</template>
<template name="refsynopsisdiv">%t</template>
<template name="segmentedlist">%t</template>
<template name="set">%t</template>
<template name="setindex">%t</template>
<template name="sidebar">%t</template>
<template name="table">%t</template>
<template name="tip">%t</template>
<template name="toc">%t</template>
<template name="variablelist">%t</template>
<template name="varlistentry">%n</template>
<template name="warning">%t</template>
<template name="olink.document.citation"> in %o</template>
<template name="olink.page.citation"> (page %p)</template>
<template name="page.citation"> [%p]</template>
<template name="page">(%p puslapis)</template>
<template name="docname"> dokumente %o</template>
<template name="docnamelong"> dokumente %o</template>
<template name="pageabbrev">(%p p.)</template>
<template name="Page">%p puslapis</template>

<template name="bridgehead"><sectioncalled/> <startquote/>%t<endquote/></template>
<template name="refsection"><sectioncalled/> <startquote/>%t<endquote/></template>
<template name="refsect1"><sectioncalled/> <startquote/>%t<endquote/></template>
<template name="refsect2"><sectioncalled/> <startquote/>%t<endquote/></template>
<template name="refsect3"><sectioncalled/> <startquote/>%t<endquote/></template>
<template name="sect1"><sectioncalled/> <startquote/>%t<endquote/></template>
<template name="sect2"><sectioncalled/> <startquote/>%t<endquote/></template>
<template name="sect3"><sectioncalled/> <startquote/>%t<endquote/></template>
<template name="sect4"><sectioncalled/> <startquote/>%t<endquote/></template>
<template name="sect5"><sectioncalled/> <startquote/>%t<endquote/></template>
<template name="section"><sectioncalled/> <startquote/>%t<endquote/></template>
<template name="simplesect"><sectioncalled/> <startquote/>%t<endquote/></template>

</context>

<context name="xref-number">

<template name="answer"><Answer/>&#160;%n</template>
<template name="appendix"><Appendix/>&#160;%n</template>
<template name="bridgehead"><Section/>&#160;%n</template>
<template name="chapter"><Chapter/>&#160;%n</template>
<template name="equation"><Equation/>&#160;%n</template>
<template name="example"><Example/>&#160;%n</template>
<template name="figure"><Figure/>&#160;%n</template>
<template name="part"><Part/>&#160;%n</template>
<template name="procedure"><Procedure/>&#160;%n</template>
<template name="productionset"><ProductionSet/>&#160;%n</template>
<template name="qandadiv"><Qandadiv/>&#160;%n</template>
<template name="qandaentry"><Question/>&#160;%n</template>
<template name="question"><Question/>&#160;%n</template>
<template name="sect1"><Section/>&#160;%n</template>
<template name="sect2"><Section/>&#160;%n</template>
<template name="sect3"><Section/>&#160;%n</template>
<template name="sect4"><Section/>&#160;%n</template>
<template name="sect5"><Section/>&#160;%n</template>
<template name="section"><Section/>&#160;%n</template>
<template name="table"><Table/>&#160;%n</template>

</context>

<context name="xref-number-and-title">

<template name="appendix"><Appendix/>&#160;%n, %t</template>
<template name="bridgehead"><Section/>&#160;%n, <startquote/>%t<endquote/></template>
<template name="chapter"><Chapter/>&#160;%n, %t</template>
<template name="equation"><Equation/>&#160;%n, <startquote/>%t<endquote/></template>
<template name="example"><Example/>&#160;%n, <startquote/>%t<endquote/></template>
<template name="figure"><Figure/>&#160;%n, <startquote/>%t<endquote/></template>
<template name="part"><Part/>&#160;%n, <startquote/>%t<endquote/></template>
<template name="procedure"><Procedure/>&#160;%n, <startquote/>%t<endquote/></template>
<template name="productionset"><ProductionSet/>&#160;%n, <startquote/>%t<endquote/></template>
<template name="qandadiv"><Qandadiv/>&#160;%n, <startquote/>%t<endquote/></template>
<template name="refsect1"><sectioncalled/> <startquote/>%t<endquote/></template>
<template name="refsect2"><sectioncalled/> <startquote/>%t<endquote/></template>
<template name="refsect3"><sectioncalled/> <startquote/>%t<endquote/></template>
<template name="refsection"><sectioncalled/> <startquote/>%t<endquote/></template>
<template name="sect1"><Section/>&#160;%n, <startquote/>%t<endquote/></template>
<template name="sect2"><Section/>&#160;%n, <startquote/>%t<endquote/></template>
<template name="sect3"><Section/>&#160;%n, <startquote/>%t<endquote/></template>
<template name="sect4"><Section/>&#160;%n, <startquote/>%t<endquote/></template>
<template name="sect5"><Section/>&#160;%n, <startquote/>%t<endquote/></template>
<template name="section"><Section/>&#160;%n, <startquote/>%t<endquote/></template>
<template name="simplesect"><sectioncalled/> <startquote/>%t<endquote/></template>
<template name="table"><Table/>&#160;%n, <startquote/>%t<endquote/></template>

</context>

<context name="authorgroup">
<template name="sep"><listcomma/> </template>
<template name="sep2"> <and/> </template>
<template name="seplast"><lastlistcomma/> <and/> </template>
</context>

<context name="glossary">
<template name="see"><GlossSee/> %t.</template>
<template name="seealso"><GlossSeeAlso/> %t.</template>
<template name="seealso-separator">, </template>
</context>

<context name="msgset">
<template name="MsgAud"><MsgAud/>: </template>
<template name="MsgLevel"><MsgLevel/>: </template>
<template name="MsgOrig"><MsgOrig/>: </template>
</context>

<context name="datetime">
<template name="format">Y-m-d</template>
</context>

<context name="termdef">
<template name="prefix">[Apibr&#279;&#382;imas: </template>
<template name="suffix">]</template>
</context>

<context name="datetime-full">
<template name="January">Sausis</template>
<template name="February">Vasaris</template>
<template name="March">Kovas</template>
<template name="April">Balandis</template>
<template name="May">Gegu&#382;&#279;</template>
<template name="June">Bir&#382;elis</template>
<template name="July">Liepa</template>
<template name="August">Rugpj&#363;tis</template>
<template name="September">Rugs&#279;jis</template>
<template name="October">Spalis</template>
<template name="November">Lapkritis</template>
<template name="December">Gruodis</template>
<template name="Monday">Pirmadienis</template>
<template name="Tuesday">Antradienis</template>
<template name="Wednesday">Tre&#269;iadienis</template>
<template name="Thursday">Ketvirtadienis</template>
<template name="Friday">Penktadienis</template>
<template name="Saturday">&#352;e&#353;tadienis</template>
<template name="Sunday">Sekmadienis</template>
</context>

<context name="datetime-abbrev">
<template name="Jan">Sau</template>
<template name="Feb">Vas</template>
<template name="Mar">Kov</template>
<template name="Apr">Bal</template>
<template name="May">Geg</template>
<template name="Jun">Bir</template>
<template name="Jul">Lie</template>
<template name="Aug">Rugp</template>
<template name="Sep">Rugs</template>
<template name="Oct">Spa</template>
<template name="Nov">Lap</template>
<template name="Dec">Gru</template>
<template name="Mon">Pr</template>
<template name="Tue">An</template>
<template name="Wed">Tr</template>
<template name="Thu">Kt</template>
<template name="Fri">Pn</template>
<template name="Sat">&#352;t</template>
<template name="Sun">Sk</template>
</context>

<context name="htmlhelp">
<template name="langcode">0x0427 Lithuanian</template>
</context>

<context name="index">
<template name="term-separator">, </template>
<template name="number-separator">, </template>
<template name="range-separator">-</template>
</context>

<letters>
  <l i="-1"/>
  <l i="0">Simboliai</l>
  <l i="1">A</l>
  <l i="1">a</l>
  <l i="1">&#260;</l>
  <l i="1">&#261;</l>
  <l i="2">B</l>
  <l i="2">b</l>
  <l i="3">C</l>
  <l i="3">c</l>
  <l i="3">&#268;</l>
  <l i="3">&#269;</l>
  <l i="4">D</l>
  <l i="4">d</l>
  <l i="5">E</l>
  <l i="5">e</l>
  <l i="5">&#280;</l>
  <l i="5">&#281;</l>
  <l i="5">&#278;</l>
  <l i="5">&#279;</l>
  <l i="6">F</l>
  <l i="6">f</l>
  <l i="7">G</l>
  <l i="7">g</l>
  <l i="8">H</l>
  <l i="8">h</l>
  <l i="9">I</l>
  <l i="9">i</l>
  <l i="9">&#302;</l>
  <l i="9">&#303;</l>
  <l i="10">Y</l>
  <l i="10">y</l>
  <l i="11">J</l>
  <l i="11">j</l>
  <l i="12">K</l>
  <l i="12">k</l>
  <l i="13">L</l>
  <l i="13">l</l>
  <l i="14">M</l>
  <l i="14">m</l>
  <l i="15">N</l>
  <l i="15">n</l>
  <l i="16">O</l>
  <l i="16">o</l>
  <l i="17">P</l>
  <l i="17">p</l>
  <l i="18">R</l>
  <l i="18">r</l>
  <l i="19">S</l>
  <l i="19">s</l>
  <l i="19">&#352;</l>
  <l i="19">&#353;</l>
  <l i="20">T</l>
  <l i="20">t</l>
  <l i="21">U</l>
  <l i="21">u</l>
  <l i="21">&#370;</l>
  <l i="21">&#371;</l>
  <l i="21">&#362;</l>
  <l i="21">&#363;</l>
  <l i="22">V</l>
  <l i="22">v</l>
  <l i="23">Z</l>
  <l i="23">z</l>
  <l i="23">&#381;</l>
  <l i="23">&#382;</l>
  <l i="24">Q</l>
  <l i="24">q</l>
  <l i="25">W</l>
  <l i="25">w</l>
  <l i="26">X</l>
  <l i="26">x</l>
</letters>

</locale>