<locale language="mn" english-language-name="Mongolian">

<info xmlns="http://docbook.org/ns/docbook">
<authorgroup>
  <author><personname><firstname>Sanlig</firstname><surname>Badral</surname></personname>
  <email>badral@openmn.org</email>
          
  </author>
   <author><personname><firstname>Ganbold</firstname><surname>Tsagaankhuu</surname></personname>
  <email>ganbold@micom.mng.net</email>
           
   </author>
</authorgroup>
</info>

<gentext key="Abstract" text="&#1058;&#1086;&#1074;&#1095; &#1072;&#1075;&#1091;&#1091;&#1083;&#1075;&#1072;"/>
<gentext key="abstract" text="&#1090;&#1086;&#1074;&#1095; &#1072;&#1075;&#1091;&#1091;&#1083;&#1075;&#1072;"/>
<gentext key="Answer" text="&#1061;:"/>
<gentext key="answer" text="&#1061;:"/>
<gentext key="Appendix" text="&#1061;&#1072;&#1074;&#1089;&#1088;&#1072;&#1083;&#1090;"/>
<gentext key="appendix" text="&#1093;&#1072;&#1074;&#1089;&#1088;&#1072;&#1083;&#1090;"/>
<gentext key="Article" text="&#1256;&#1075;&#1199;&#1199;&#1083;&#1101;&#1083;"/>
<gentext key="article" text="&#1257;&#1075;&#1199;&#1199;&#1083;&#1101;&#1083;"/>
<gentext key="Author" text="&#1047;&#1086;&#1093;&#1080;&#1086;&#1075;&#1095;"/>
<gentext key="Bibliography" text="&#1053;&#1086;&#1084; &#1079;&#1199;&#1081;"/>
<gentext key="bibliography" text="&#1085;&#1086;&#1084; &#1079;&#1199;&#1081;"/>
<gentext key="Book" text="&#1053;&#1086;&#1084;"/>
<gentext key="book" text="&#1085;&#1086;&#1084;"/>
<gentext key="Caution" text="&#1040;&#1085;&#1093;&#1072;&#1072;&#1088;&#1091;&#1091;&#1083;&#1075;&#1072;"/>
<gentext key="caution" text="&#1072;&#1085;&#1093;&#1072;&#1072;&#1088;&#1091;&#1091;&#1083;&#1075;&#1072;"/>
<gentext key="CAUTION" text="&#1040;&#1053;&#1061;&#1040;&#1040;&#1056;&#1059;&#1059;&#1051;&#1043;&#1040;"/>
<gentext key="Chapter" text="&#1041;&#1199;&#1083;&#1101;&#1075;"/>
<gentext key="chapter" text="&#1073;&#1199;&#1083;&#1101;&#1075;"/>
<gentext key="Colophon" text="&#1057;&#1199;&#1199;&#1083; &#1090;&#1072;&#1081;&#1083;&#1073;&#1072;&#1088;"/>
<gentext key="colophon" text="&#1089;&#1199;&#1199;&#1083; &#1090;&#1072;&#1081;&#1083;&#1073;&#1072;&#1088;"/> 
<gentext key="Copyright" text="&#1047;&#1086;&#1093;&#1080;&#1086;&#1075;&#1095;&#1080;&#1081;&#1085; &#1101;&#1088;&#1093;"/>
<gentext key="copyright" text="&#1079;&#1086;&#1093;&#1080;&#1086;&#1075;&#1095;&#1080;&#1081;&#1085; &#1101;&#1088;&#1093;"/>
<gentext key="Dedication" text="&#1047;&#1086;&#1093;&#1080;&#1086;&#1075;&#1095;&#1080;&#1081;&#1085; &#1199;&#1075;"/>
<gentext key="dedication" text="&#1079;&#1086;&#1093;&#1080;&#1086;&#1075;&#1095;&#1080;&#1081;&#1085; &#1199;&#1075;"/>
<gentext key="Edition" text="&#1061;&#1101;&#1074;&#1083;&#1101;&#1083;"/>
<gentext key="edition" text="&#1093;&#1101;&#1074;&#1083;&#1101;&#1083;"/>
<gentext key="Editor" text="&#1061;&#1103;&#1085;&#1072;&#1085; &#1090;&#1086;&#1093;&#1080;&#1086;&#1083;&#1076;&#1091;&#1091;&#1083;&#1072;&#1075;&#1095;"/>
<gentext key="Equation" text="&#1058;&#1101;&#1075;&#1096;&#1080;&#1090;&#1075;&#1101;&#1083;"/>
<gentext key="equation" text="&#1090;&#1101;&#1075;&#1096;&#1080;&#1090;&#1075;&#1101;&#1083;"/>
<gentext key="Example" text="&#1046;&#1080;&#1096;&#1101;&#1101;"/>
<gentext key="example" text="&#1078;&#1080;&#1096;&#1101;&#1101;"/>
<gentext key="Figure" text="&#1047;&#1091;&#1088;&#1072;&#1075;"/>
<gentext key="figure" text="&#1079;&#1091;&#1088;&#1072;&#1075;"/>
<gentext key="Glossary" text="&#1053;&#1101;&#1088; &#1090;&#1086;&#1084;&#1098;&#1105;&#1086;"/>
<gentext key="glossary" text="&#1085;&#1101;&#1088; &#1090;&#1086;&#1084;&#1098;&#1105;&#1086;"/>
<gentext key="GlossSee" text="&#1093;&#1072;&#1088;&#1085;&#1072; &#1091;&#1091;"/>
<gentext key="glosssee" text="&#1093;&#1072;&#1088;&#1085;&#1072; &#1091;&#1091;"/>
<gentext key="GlossSeeAlso" text="&#1041;&#1072;&#1089; &#1093;&#1072;&#1088;&#1085;&#1072; &#1091;&#1091;"/>
<gentext key="glossseealso" text="&#1073;&#1072;&#1089; &#1093;&#1072;&#1088;&#1085;&#1072; &#1091;&#1091;"/>
<gentext key="IMPORTANT" text="&#1063;&#1059;&#1061;&#1040;&#1051;"/>
<gentext key="Important" text="&#1063;&#1091;&#1093;&#1072;&#1083;"/>
<gentext key="important" text="&#1095;&#1091;&#1093;&#1072;&#1083;"/>
<gentext key="Index" text="&#1198;&#1075;&#1080;&#1081;&#1085; &#1078;&#1072;&#1075;&#1089;&#1072;&#1072;&#1083;&#1090;"/>
<gentext key="index" text="&#1199;&#1075;&#1080;&#1081;&#1085; &#1078;&#1072;&#1075;&#1089;&#1072;&#1072;&#1083;&#1090;"/>
<gentext key="ISBN" text="ISBN"/>
<gentext key="isbn" text="ISBN"/>
<gentext key="LegalNotice" text="&#1061;&#1091;&#1091;&#1083;&#1080;&#1081;&#1085; &#1079;&#1072;&#1072;&#1083;&#1090;"/>
<gentext key="legalnotice" text="&#1093;&#1091;&#1091;&#1083;&#1080;&#1081;&#1085; &#1079;&#1072;&#1072;&#1083;&#1090;"/>
<gentext key="MsgAud" text="&#1047;&#1086;&#1088;&#1080;&#1091;&#1083;&#1072;&#1083;&#1090;"/>
<gentext key="msgaud" text="&#1079;&#1086;&#1088;&#1080;&#1091;&#1083;&#1072;&#1083;&#1090;"/>
<gentext key="MsgLevel" text="&#1058;&#1199;&#1074;&#1096;&#1080;&#1085;"/>
<gentext key="msglevel" text="&#1090;&#1199;&#1074;&#1096;&#1080;&#1085;"/>
<gentext key="MsgOrig" text="&#1198;&#1199;&#1089;&#1101;&#1083;"/>
<gentext key="msgorig" text="&#1199;&#1199;&#1089;&#1101;&#1083;"/>
<gentext key="note" text="&#1090;&#1101;&#1084;&#1076;&#1101;&#1075;&#1083;&#1101;&#1083;"/>
<gentext key="NOTE" text="&#1058;&#1069;&#1052;&#1044;&#1069;&#1043;&#1051;&#1069;&#1051;"/>
<gentext key="Note" text="&#1058;&#1101;&#1084;&#1076;&#1101;&#1075;&#1083;&#1101;&#1083;"/>
<gentext key="part" text="&#1061;&#1101;&#1089;&#1101;&#1075;"/>
<gentext key="Part" text="&#1093;&#1101;&#1089;&#1101;&#1075;"/>
<gentext key="Preface" text="&#1256;&#1084;&#1085;&#1257;&#1093; &#1199;&#1075;"/>
<gentext key="preface" text="&#1257;&#1084;&#1085;&#1257;&#1093; &#1199;&#1075;"/>
<gentext key="Procedure" text="&#1043;&#1199;&#1081;&#1094;&#1101;&#1090;&#1075;&#1101;&#1083;"/>
<gentext key="procedure" text="&#1075;&#1199;&#1081;&#1094;&#1101;&#1090;&#1075;&#1101;&#1083;"/>
<gentext key="ProductionSet" text="&#1041;&#1199;&#1090;&#1101;&#1101;&#1075;&#1076;&#1101;&#1093;&#1199;&#1199;&#1085;"/>
<gentext key="PubDate" text="&#1061;&#1101;&#1074;&#1083;&#1101;&#1075;&#1076;&#1089;&#1101;&#1085; &#1086;&#1075;&#1085;&#1086;&#1086;"/>
<gentext key="pubdate" text="&#1093;&#1101;&#1074;&#1083;&#1101;&#1075;&#1076;&#1089;&#1101;&#1085; &#1086;&#1075;&#1085;&#1086;&#1086;"/>
<gentext key="Published" text="&#1061;&#1101;&#1074;&#1083;&#1101;&#1075;&#1076;&#1089;&#1101;&#1085;"/>
<gentext key="published" text="&#1093;&#1101;&#1074;&#1083;&#1101;&#1075;&#1076;&#1089;&#1101;&#1085;"/>
<gentext key="Publisher" text="&#1061;&#1101;&#1074;&#1083;&#1101;&#1089;&#1101;&#1085; &#1082;&#1086;&#1084;&#1087;&#1072;&#1085;&#1080;"/>
<gentext key="Qandadiv" text="&#1040; &#1073;&#1072; &#1061;"/>
<gentext key="qandadiv" text="&#1040; &#1073;&#1072; &#1061;"/>
<gentext key="QandASet" text="&#1058;&#1199;&#1075;&#1101;&#1101;&#1084;&#1101;&#1083; &#1090;&#1072;&#1074;&#1080;&#1075;&#1076;&#1076;&#1072;&#1075; &#1072;&#1089;&#1091;&#1091;&#1083;&#1090;&#1091;&#1091;&#1076;"/>
<gentext key="Question" text="&#1040;:"/>
<gentext key="question" text="&#1040;:"/>
<gentext key="RefEntry" text=""/>
<gentext key="refentry" text=""/>
<gentext key="Reference" text="&#1040;&#1096;&#1080;&#1075;&#1083;&#1072;&#1089;&#1072;&#1085; &#1085;&#1086;&#1084;"/>
<gentext key="reference" text="&#1072;&#1096;&#1080;&#1075;&#1083;&#1072;&#1089;&#1072;&#1085; &#1085;&#1086;&#1084;"/>
<gentext key="References" text="&#1040;&#1096;&#1080;&#1075;&#1083;&#1072;&#1089;&#1072;&#1085; &#1085;&#1086;&#1084;&#1085;&#1091;&#1091;&#1076;"/>
<gentext key="RefName" text="&#1053;&#1101;&#1088;"/>
<gentext key="refname" text="&#1085;&#1101;&#1088;"/>
<gentext key="RefSection" text=""/>
<gentext key="refsection" text=""/>
<gentext key="RefSynopsisDiv" text="&#1045;&#1088;&#1257;&#1085;&#1093;&#1080;&#1081; &#1072;&#1075;&#1091;&#1091;&#1083;&#1075;&#1072;"/>
<gentext key="refsynopsisdiv" text="&#1077;&#1088;&#1257;&#1085;&#1093;&#1080;&#1081; &#1072;&#1075;&#1091;&#1091;&#1083;&#1075;&#1072;"/> 
<gentext key="RevHistory" text="&#1047;&#1072;&#1083;&#1088;&#1091;&#1091;&#1083;&#1072;&#1083;&#1090;&#1099;&#1085; &#1090;&#1199;&#1199;&#1093;"/>
<gentext key="revhistory" text="&#1079;&#1072;&#1083;&#1088;&#1091;&#1091;&#1083;&#1072;&#1083;&#1090;&#1099;&#1085; &#1090;&#1199;&#1199;&#1093;"/>
<gentext key="Revision" text="&#1047;&#1072;&#1083;&#1088;&#1091;&#1091;&#1083;&#1072;&#1083;&#1090;"/>
<gentext key="revision" text="&#1079;&#1072;&#1083;&#1088;&#1091;&#1091;&#1083;&#1072;&#1083;&#1090;"/>
<gentext key="sect1" text="&#1061;&#1101;&#1089;&#1101;&#1075;"/> 
<gentext key="sect2" text="&#1061;&#1101;&#1089;&#1101;&#1075;"/> 
<gentext key="sect3" text="&#1061;&#1101;&#1089;&#1101;&#1075;"/> 
<gentext key="sect4" text="&#1061;&#1101;&#1089;&#1101;&#1075;"/> 
<gentext key="sect5" text="&#1061;&#1101;&#1089;&#1101;&#1075;"/> 
<gentext key="section" text="&#1061;&#1101;&#1089;&#1101;&#1075;"/>
<gentext key="Section" text="&#1061;&#1101;&#1089;&#1101;&#1075;"/>
<gentext key="see" text="&#1061;&#1072;&#1088;&#1085;&#1072; &#1091;&#1091;"/>
<gentext key="See" text="&#1093;&#1072;&#1088;&#1085;&#1072; &#1091;&#1091;"/>
<gentext key="SeeAlso" text="&#1041;&#1072;&#1089; &#1093;&#1072;&#1088;&#1085;&#1072; &#1091;&#1091;"/>
<gentext key="seealso" text="&#1073;&#1072;&#1089; &#1093;&#1072;&#1088;&#1085;&#1072; &#1091;&#1091;"/>
<gentext key="Seealso" text="&#1041;&#1072;&#1089; &#1093;&#1072;&#1088;&#1085;&#1072; &#1091;&#1091;"/>

<gentext key="Set" text="&#1062;&#1091;&#1075;&#1083;&#1091;&#1091;&#1083;&#1075;&#1072;"/>
<gentext key="set" text="&#1094;&#1091;&#1075;&#1083;&#1091;&#1091;&#1083;&#1075;&#1072;"/>
<gentext key="setindex" text="&#1094;&#1091;&#1075;&#1083;&#1091;&#1091;&#1083;&#1075;&#1099;&#1085; &#1078;&#1072;&#1075;&#1089;&#1072;&#1072;&#1083;&#1090;"/>
<gentext key="SetIndex" text="&#1062;&#1091;&#1075;&#1083;&#1091;&#1091;&#1083;&#1075;&#1099;&#1085; &#1078;&#1072;&#1075;&#1089;&#1072;&#1072;&#1083;&#1090;"/>

<gentext key="sidebar" text="&#1093;&#1072;&#1078;&#1091;&#1091; &#1089;&#1072;&#1084;&#1073;&#1072;&#1088;"/>
<gentext key="Sidebar" text="&#1061;&#1072;&#1078;&#1091;&#1091; &#1089;&#1072;&#1084;&#1073;&#1072;&#1088;"/>
<gentext key="Step" text="&#1040;&#1083;&#1093;&#1072;&#1084;"/>
<gentext key="step" text="&#1072;&#1083;&#1093;&#1072;&#1084;"/>
<gentext key="table" text="&#1093;&#1199;&#1089;&#1085;&#1101;&#1075;&#1090;"/>
<gentext key="Table" text="&#1061;&#1199;&#1089;&#1085;&#1101;&#1075;&#1090;"/>
<gentext key="task" text="&#1076;&#1072;&#1072;&#1083;&#1075;&#1072;&#1074;&#1072;&#1088;"/>
<gentext key="Task" text="&#1044;&#1072;&#1072;&#1083;&#1075;&#1072;&#1074;&#1072;&#1088;"/>
<gentext key="TIP" text="&#1047;&#1256;&#1042;&#1051;&#1256;&#1043;&#1256;&#1256;"/>
<gentext key="Tip" text="&#1047;&#1257;&#1074;&#1083;&#1257;&#1075;&#1257;&#1257;"/>
<gentext key="tip" text="&#1079;&#1257;&#1074;&#1083;&#1257;&#1075;&#1257;&#1257;"/>
<gentext key="Warning" text="&#1057;&#1072;&#1085;&#1091;&#1091;&#1083;&#1075;&#1072;"/>
<gentext key="warning" text="&#1089;&#1072;&#1085;&#1091;&#1091;&#1083;&#1075;&#1072;"/>
<gentext key="WARNING" text="&#1057;&#1040;&#1053;&#1059;&#1059;&#1051;&#1043;&#1040;"/>

<gentext key="and" text="&#1073;&#1072;"/>
<gentext key="by" text=""/>
<gentext key="Edited" text="&#1061;&#1103;&#1085;&#1072;&#1089;&#1072;&#1085;"/>
<gentext key="edited" text="&#1093;&#1103;&#1085;&#1072;&#1089;&#1072;&#1085;"/>
<gentext key="Editedby" text="&#1061;&#1103;&#1085;&#1072;&#1085; &#1090;&#1086;&#1093;&#1080;&#1086;&#1083;&#1076;&#1091;&#1091;&#1083;&#1089;&#1072;&#1085;"/>
<gentext key="editedby" text="&#1093;&#1103;&#1085;&#1072;&#1085; &#1090;&#1086;&#1093;&#1080;&#1086;&#1083;&#1076;&#1091;&#1091;&#1083;&#1089;&#1072;&#1085;"/>
<gentext key="in" text="&#1076;&#1086;&#1090;&#1086;&#1088;"/>
<gentext key="lastlistcomma" text=","/>
<gentext key="listcomma" text=","/>
<gentext key="notes" text="&#1090;&#1072;&#1081;&#1083;&#1073;&#1072;&#1088;"/>
<gentext key="Notes" text="&#1058;&#1072;&#1081;&#1083;&#1073;&#1072;&#1088;"/>
<gentext key="Pgs" text="&#1061;&#1091;&#1091;&#1076;&#1072;&#1089;"/>
<gentext key="pgs" text="&#1093;&#1091;&#1091;&#1076;&#1072;&#1089;"/>
<gentext key="Revisedby" text="&#1047;&#1072;&#1083;&#1088;&#1091;&#1091;&#1083;&#1089;&#1072;&#1085;: "/>
<gentext key="revisedby" text="&#1079;&#1072;&#1083;&#1088;&#1091;&#1091;&#1083;&#1089;&#1072;&#1085;: "/>
<gentext key="TableNotes" text="&#1058;&#1072;&#1081;&#1083;&#1073;&#1072;&#1088;"/>
<gentext key="tablenotes" text="&#1090;&#1072;&#1081;&#1083;&#1073;&#1072;&#1088;"/>
<gentext key="TableofContents" text="&#1043;&#1072;&#1088;&#1095;&#1080;&#1075;"/>
<gentext key="tableofcontents" text="&#1075;&#1072;&#1088;&#1095;&#1080;&#1075;"/>
<gentext key="unexpectedelementname" text="&#1057;&#1072;&#1085;&#1072;&#1084;&#1089;&#1072;&#1088;&#1075;&#1199;&#1081; &#1101;&#1083;&#1077;&#1084;&#1077;&#1085;&#1090;"/>
<gentext key="unsupported" text="&#1076;&#1101;&#1084;&#1078;&#1080;&#1075;&#1076;&#1101;&#1101;&#1075;&#1199;&#1081;"/>
<gentext key="xrefto" text="xref &#1088;&#1091;&#1091;"/>



<gentext key="Authors" text="&#1047;&#1086;&#1093;&#1080;&#1086;&#1075;&#1095;&#1080;&#1076;"/>



<gentext key="copyeditor" text="&#1061;&#1091;&#1091;&#1083;&#1073;&#1072;&#1088; &#1093;&#1103;&#1085;&#1072;&#1085; &#1090;&#1086;&#1093;&#1080;&#1086;&#1083;&#1076;&#1091;&#1091;&#1083;&#1072;&#1075;&#1095;"/>
<gentext key="graphicdesigner" text="&#1043;&#1088;&#1072;&#1092;&#1080;&#1082; &#1076;&#1080;&#1079;&#1072;&#1081;&#1085;&#1095;"/>
<gentext key="productioneditor" text="&#1041;&#1199;&#1090;&#1101;&#1101;&#1075;&#1076;&#1101;&#1093;&#1199;&#1199;&#1085; &#1093;&#1103;&#1085;&#1072;&#1085; &#1090;&#1086;&#1093;&#1080;&#1086;&#1083;&#1076;&#1091;&#1091;&#1083;&#1072;&#1075;&#1095;"/>
<gentext key="technicaleditor" text="&#1058;&#1077;&#1093;&#1085;&#1080;&#1082;&#1080;&#1081;&#1085; &#1093;&#1103;&#1085;&#1072;&#1085; &#1090;&#1086;&#1093;&#1080;&#1086;&#1083;&#1076;&#1091;&#1091;&#1083;&#1072;&#1075;&#1095;"/>
<gentext key="translator" text="&#1054;&#1088;&#1095;&#1091;&#1091;&#1083;&#1072;&#1075;&#1095;"/>

<gentext key="listofequations" text="&#1090;&#1101;&#1075;&#1096;&#1080;&#1090;&#1075;&#1101;&#1083;&#1080;&#1081;&#1085; &#1078;&#1072;&#1075;&#1089;&#1072;&#1072;&#1083;&#1090;"/>
<gentext key="ListofEquations" text="&#1058;&#1101;&#1075;&#1096;&#1080;&#1090;&#1075;&#1101;&#1083;&#1080;&#1081;&#1085; &#1078;&#1072;&#1075;&#1089;&#1072;&#1072;&#1083;&#1090;"/>
<gentext key="ListofExamples" text="&#1046;&#1080;&#1096;&#1101;&#1101;&#1085;&#1080;&#1081; &#1078;&#1072;&#1075;&#1089;&#1072;&#1072;&#1083;&#1090;"/>
<gentext key="listofexamples" text="&#1078;&#1080;&#1096;&#1101;&#1101;&#1085;&#1080;&#1081; &#1078;&#1072;&#1075;&#1089;&#1072;&#1072;&#1083;&#1090;"/>
<gentext key="ListofFigures" text="&#1047;&#1091;&#1088;&#1075;&#1080;&#1081;&#1085; &#1078;&#1072;&#1075;&#1089;&#1072;&#1072;&#1083;&#1090;"/>
<gentext key="listoffigures" text="&#1079;&#1091;&#1088;&#1075;&#1080;&#1081;&#1085; &#1078;&#1072;&#1075;&#1089;&#1072;&#1072;&#1083;&#1090;"/>
<gentext key="ListofProcedures" text="&#1043;&#1199;&#1081;&#1094;&#1101;&#1090;&#1075;&#1101;&#1083;&#1080;&#1081;&#1085; &#1078;&#1072;&#1075;&#1089;&#1072;&#1072;&#1083;&#1090;"/>
<gentext key="listofprocedures" text="&#1075;&#1199;&#1081;&#1094;&#1101;&#1090;&#1075;&#1101;&#1083;&#1080;&#1081;&#1085; &#1078;&#1072;&#1075;&#1089;&#1072;&#1072;&#1083;&#1090;"/>
<gentext key="listoftables" text="&#1093;&#1199;&#1089;&#1085;&#1101;&#1075;&#1090;&#1080;&#1081;&#1085; &#1078;&#1072;&#1075;&#1089;&#1072;&#1072;&#1083;&#1090;"/>
<gentext key="ListofTables" text="&#1061;&#1199;&#1089;&#1085;&#1101;&#1075;&#1090;&#1080;&#1081;&#1085; &#1078;&#1072;&#1075;&#1089;&#1072;&#1072;&#1083;&#1090;"/>
<gentext key="ListofUnknown" text="&#1058;&#1086;&#1076;&#1086;&#1088;&#1093;&#1086;&#1081;&#1075;&#1199;&#1081; &#1078;&#1072;&#1075;&#1089;&#1072;&#1072;&#1083;&#1090;"/>
<gentext key="listofunknown" text="&#1090;&#1086;&#1076;&#1086;&#1088;&#1093;&#1086;&#1081;&#1075;&#1199;&#1081; &#1078;&#1072;&#1075;&#1089;&#1072;&#1072;&#1083;&#1090;"/>

<gentext key="nav-home" text="&#1069;&#1093;&#1083;&#1101;&#1083;"/>
<gentext key="nav-next" text="&#1044;&#1072;&#1088;&#1072;&#1072;&#1093;"/>
<gentext key="nav-next-sibling" text="&#1044;&#1072;&#1088;&#1072;&#1072;&#1093;"/>
<gentext key="nav-prev" text="&#1256;&#1084;&#1085;&#1257;&#1093;"/>
<gentext key="nav-prev-sibling" text="&#1256;&#1084;&#1085;&#1257;&#1093;"/>
<gentext key="nav-up" text="&#1044;&#1101;&#1101;&#1096;"/>
<gentext key="nav-toc" text="&#1043;&#1072;&#1088;&#1095;&#1080;&#1075;"/>
 
<gentext key="Draft" text="&#1053;&#1086;&#1086;&#1088;&#1086;&#1075;"/> 
<gentext key="above" text="&#1076;&#1101;&#1101;&#1088;"/> 
<gentext key="below" text="&#1076;&#1086;&#1086;&#1088;"/> 
<gentext key="sectioncalled" text="&#1061;&#1101;&#1089;&#1075;&#1080;&#1081;&#1085; &#1085;&#1101;&#1088;"/>
<gentext key="index symbols" text="&#1090;&#1101;&#1084;&#1076;&#1101;&#1075;&#1090;&#1199;&#1199;&#1076;"/>
<gentext key="writing-mode" text="lr-tb"/>


<gentext key="lowercase.alpha" text="&#1072;&#1073;&#1074;&#1075;&#1076;&#1077;&#1105;&#1078;&#1079;&#1080;&#1081;&#1082;&#1083;&#1084;&#1085;&#1086;&#1257;&#1087;&#1088;&#1089;&#1090;&#1091;&#1199;&#1092;&#1093;&#1094;&#1095;&#1096;&#1097;&#1098;&#1099;&#1100;&#1101;&#1102;&#1103;"/> 
<gentext key="uppercase.alpha" text="&#1040;&#1041;&#1042;&#1043;&#1044;&#1045;&#1025;&#1046;&#1047;&#1048;&#1049;&#1050;&#1051;&#1052;&#1053;&#1054;&#1256;&#1055;&#1056;&#1057;&#1058;&#1059;&#1198;&#1060;&#1061;&#1062;&#1063;&#1064;&#1065;&#1066;&#1067;&#1068;&#1069;&#1070;&#1071;"/> 

<dingbat key="startquote" text="&#171;"/>
<dingbat key="endquote" text="&#187;"/>
<dingbat key="nestedstartquote" text="&#8222;"/>
<dingbat key="nestedendquote" text="&#8220;"/>
<dingbat key="singlestartquote" text="&#8218;"/>
<dingbat key="singleendquote" text="&#8216;"/>
<dingbat key="bullet" text="&#8226;"/>


<gentext key="hyphenation-character" text="-"/>
<gentext key="hyphenation-push-character-count" text="2"/>
<gentext key="hyphenation-remain-character-count" text="3"/>
 
  
<context name="styles">

<template name="person-name">&#1086;&#1074;&#1086;&#1075;-&#1085;&#1101;&#1088;</template>

</context>

<context name="title">

<template name="abstract">%t</template>
<template name="answer">%t</template>
<template name="appendix"><Appendix/> %n. %t</template>
<template name="article">%t</template>
<template name="authorblurb">%t</template>
<template name="bibliodiv">%t</template>
<template name="biblioentry">%t</template>
<template name="bibliography">%t</template>
<template name="bibliolist">%t</template>
<template name="bibliomixed">%t</template>
<template name="bibliomset">%t</template>
<template name="biblioset">%t</template>
<template name="blockquote">%t</template>
<template name="book">%t</template>
<template name="calloutlist">%t</template>
<template name="caution">%t</template>
<template name="chapter"><Chapter/> %n. %t</template>
<template name="colophon">%t</template>
<template name="dedication">%t</template>
<template name="equation"><Equation/> %n. %t</template>
<template name="example"><Example/> %n. %t</template>
<template name="figure"><Figure/> %n. %t</template>
<template name="foil">%t</template>	
<template name="foilgroup">%t</template>  
<template name="formalpara">%t</template>
<template name="glossary">%t</template>
<template name="glossdiv">%t</template>
<template name="glosslist">%t</template>
<template name="glossentry">%t</template>    
<template name="important">%t</template>
<template name="index">%t</template>
<template name="indexdiv">%t</template>
<template name="itemizedlist">%t</template>
<template name="legalnotice">%t</template>
<template name="listitem"/>
<template name="lot">%t</template>
<template name="msg">%t</template>
<template name="msgexplan">%t</template>
<template name="msgmain">%t</template>
<template name="msgrel">%t</template>
<template name="msgset">%t</template>
<template name="msgsub">%t</template>
<template name="note">%t</template>
<template name="orderedlist">%t</template>
<template name="part"><Part/> %n. %t</template>
<template name="partintro">%t</template>
<template name="preface">%t</template>
<template name="procedure">%t</template>
<template name="procedure.formal"><Procedure/> %n. %t</template>
<template name="productionset">%t</template>
<template name="productionset.formal"><ProductionSet/>&#160;%n</template>
<template name="qandadiv">%t</template>
<template name="qandaentry">%t</template>
<template name="qandaset">%t</template>
<template name="question"><Question/> %n</template>
<template name="refentry">%t</template>
<template name="reference">%t</template>
<template name="refsection">%t</template>
<template name="refsect1">%t</template>
<template name="refsect2">%t</template>
<template name="refsect3">%t</template>
<template name="refsynopsisdiv">%t</template>
<template name="refsynopsisdivinfo">%t</template>
<template name="segmentedlist">%t</template>
<template name="set">%t</template>
<template name="setindex">%t</template>
<template name="sidebar">%t</template>
<template name="step">%t</template>
<template name="table"><Table/> %n. %t</template>
<template name="task">%t</template>
<template name="tasksummary">%t</template>
<template name="taskprerequisites">%t</template>
<template name="taskrelated">%t</template>
<template name="tip">%t</template>
<template name="toc">%t</template>
<template name="variablelist">%t</template>
<template name="warning">%t</template>
</context>

<context name="title-unnumbered">

<template name="appendix">%t</template>
<template name="article/appendix">%t</template>
<template name="bridgehead">%t</template>
<template name="chapter">%t</template>
<template name="sect1">%t</template>
<template name="sect2">%t</template>
<template name="sect3">%t</template>
<template name="sect4">%t</template>
<template name="sect5">%t</template>
<template name="section">%t</template>
<template name="simplesect">%t</template>
<template name="part">%t</template>

</context>

<context name="title-numbered">

<template name="appendix"><Appendix/> %n. %t</template>
<template name="article/appendix">%n.&#160;%t</template>    
<template name="bridgehead">%n.&#160;%t</template>
<template name="chapter"><Chapter/> %n. %t</template>
<template name="part"><Part/>&#160;%n.&#160;%t</template>
<template name="sect1">%n. %t</template>
<template name="sect2">%n. %t</template>
<template name="sect3">%n. %t</template>
<template name="sect4">%n. %t</template>
<template name="sect5">%n. %t</template>
<template name="section">%n. %t</template>
<template name="simplesect">%n. %t</template>

</context>

<context name="subtitle">

<template name="appendix">%s</template>
<template name="article">%s</template>
<template name="bibliodiv">%s</template>
<template name="biblioentry">%s</template>
<template name="bibliography">%s</template>
<template name="bibliomixed">%s</template>
<template name="bibliomset">%s</template>
<template name="biblioset">%s</template>
<template name="book">%s</template>
<template name="chapter">%s</template>
<template name="colophon">%s</template>
<template name="dedication">%s</template>
<template name="glossary">%s</template>
<template name="glossdiv">%s</template>
<template name="index">%s</template>
<template name="indexdiv">%s</template>
<template name="lot">%s</template>
<template name="part">%s</template>
<template name="partintro">%s</template>
<template name="preface">%s</template>
<template name="refentry">%s</template>
<template name="reference">%s</template>
<template name="refsection">%s</template>
<template name="refsect1">%s</template>
<template name="refsect2">%s</template>
<template name="refsect3">%s</template>
<template name="refsynopsisdiv">%s</template>
<template name="sect1">%s</template>
<template name="sect2">%s</template>
<template name="sect3">%s</template>
<template name="sect4">%s</template>
<template name="sect5">%s</template>
<template name="section">%s</template>
<template name="set">%s</template>
<template name="setindex">%s</template>
<template name="sidebar">%s</template>
<template name="simplesect">%s</template>
<template name="toc">%s</template>

</context>

<context name="xref">
<template name="abstract">%t</template>
<template name="answer"><Answer/>&#160;%n</template>
<template name="appendix">%t</template>
<template name="article">%t</template>
<template name="authorblurb">%t</template>
<template name="bibliodiv">%t</template>
<template name="bibliography">%t</template>
<template name="bibliomset">%t</template>
<template name="biblioset">%t</template>
<template name="blockquote">%t</template>
<template name="book">%t</template>
<template name="calloutlist">%t</template>
<template name="caution">%t</template>
<template name="chapter">%t</template>
<template name="colophon">%t</template>
<template name="constraintdef">%t</template>
<template name="dedication">%t</template>
<template name="equation">%t</template>
<template name="example">%t</template>
<template name="figure">%t</template>
<template name="foil">%t</template>	
<template name="foilgroup">%t</template> 
<template name="formalpara">%t</template>
<template name="glossary">%t</template>
<template name="glossdiv">%t</template>
<template name="important">%t</template>
<template name="index">%t</template>
<template name="indexdiv">%t</template>
<template name="itemizedlist">%t</template>
<template name="legalnotice">%t</template>
<template name="listitem">%n</template>
<template name="lot">%t</template>
<template name="msg">%t</template>
<template name="msgexplan">%t</template>
<template name="msgmain">%t</template>
<template name="msgrel">%t</template>
<template name="msgset">%t</template>
<template name="msgsub">%t</template>
<template name="note">%t</template>
<template name="orderedlist">%t</template>
<template name="part">%t</template>
<template name="partintro">%t</template>
<template name="preface">%t</template>
<template name="procedure">%t</template>
<template name="productionset">%t</template>
<template name="qandadiv">%t</template>
<template name="qandaentry"><Question/>&#160;%n</template>
<template name="qandaset">%t</template>
<template name="question"><Question/> %n</template>
<template name="reference">%t</template>
<template name="refsynopsisdiv">%t</template>
<template name="segmentedlist">%t</template>
<template name="set">%t</template>
<template name="setindex">%t</template>
<template name="sidebar">%t</template>
<template name="table">%t</template>
<template name="task">%t</template>
<template name="tip">%t</template>
<template name="toc">%t</template>
<template name="variablelist">%t</template>
<template name="varlistentry">%n</template>
<template name="warning">%t</template>
<template name="olink.document.citation"> %o </template>
<template name="olink.page.citation"> (&#1093;&#1091;&#1091;&#1076;&#1072;&#1089; %p)</template>
<template name="page.citation"> [%p]</template>
<template name="page">(&#1061;&#1091;&#1091;&#1076;&#1072;&#1089; %p)</template>    
<template name="docname"> %o </template>
<template name="docnamelong"> %o &#1075;&#1072;&#1088;&#1095;&#1080;&#1075;&#1090;&#1072;&#1081; &#1073;&#1072;&#1088;&#1080;&#1084;&#1090;&#1072;&#1076;</template>
<template name="pageabbrev">(&#1061;. %p)</template>
<template name="Page">&#1061;&#1091;&#1091;&#1076;&#1072;&#1089; %p</template>


<template name="bridgehead"><startquote/>%t<endquote/></template>
<template name="refsection"><startquote/>%t<endquote/></template>
<template name="refsect1"><startquote/>%t<endquote/></template>
<template name="refsect2"><startquote/>%t<endquote/></template>
<template name="refsect3"><startquote/>%t<endquote/></template>
<template name="sect1"><startquote/>%t<endquote/></template>
<template name="sect2"><startquote/>%t<endquote/></template>
<template name="sect3"><startquote/>%t<endquote/></template>
<template name="sect4"><startquote/>%t<endquote/></template>
<template name="sect5"><startquote/>%t<endquote/></template>
<template name="section"><startquote/>%t<endquote/></template>
<template name="simplesect"><startquote/>%t<endquote/></template>

</context>

<context name="xref-number">

<template name="answer"><Answer/>&#160;%n</template>
<template name="appendix"><Appendix/>&#160;%n</template>
<template name="bridgehead"><Section/>&#160;%n</template>
<template name="chapter"><Chapter/>&#160;%n</template>
<template name="equation"><Equation/>&#160;%n</template>
<template name="example"><Example/>&#160;%n</template>
<template name="figure"><Figure/>&#160;%n</template>
<template name="part"><Part/>&#160;%n</template>
<template name="procedure"><Procedure/>&#160;%n</template>
<template name="productionset"><ProductionSet/>&#160;%n</template>
<template name="qandadiv"><Qandadiv/>&#160;%n</template>
<template name="qandaentry"><Question/>&#160;%n</template>
<template name="question"><Question/>&#160;%n</template>
<template name="sect1"><Section/>&#160;%n</template>
<template name="sect2"><Section/>&#160;%n</template>
<template name="sect3"><Section/>&#160;%n</template>
<template name="sect4"><Section/>&#160;%n</template>
<template name="sect5"><Section/>&#160;%n</template>
<template name="section"><Section/>&#160;%n</template>
<template name="table"><Table/>&#160;%n</template>

</context>

<context name="xref-number-and-title">

<template name="appendix"><Appendix/>&#160;%n, %t</template>
<template name="bridgehead"><Section/>&#160;%n, <startquote/>%t<endquote/></template>
<template name="chapter"><Chapter/>&#160;%n, %t</template>
<template name="equation"><Equation/>&#160;%n, <startquote/>%t<endquote/></template>
<template name="example"><Example/>&#160;%n, <startquote/>%t<endquote/></template>
<template name="figure"><Figure/>&#160;%n, <startquote/>%t<endquote/></template>
<template name="part"><Part/>&#160;%n, <startquote/>%t<endquote/></template>
<template name="procedure"><Procedure/>&#160;%n, <startquote/>%t<endquote/></template>
<template name="productionset"><ProductionSet/>&#160;%n, <startquote/>%t<endquote/></template>
<template name="qandadiv"><Qandadiv/>&#160;%n, <startquote/>%t<endquote/></template>
<template name="refsect1"><sectioncalled/> <startquote/>%t<endquote/></template>
<template name="refsect2"><sectioncalled/> <startquote/>%t<endquote/></template>
<template name="refsect3"><sectioncalled/> <startquote/>%t<endquote/></template>
<template name="refsection"><sectioncalled/> <startquote/>%t<endquote/></template>
<template name="sect1"><Section/>&#160;%n, <startquote/>%t<endquote/></template>
<template name="sect2"><Section/>&#160;%n, <startquote/>%t<endquote/></template>
<template name="sect3"><Section/>&#160;%n, <startquote/>%t<endquote/></template>
<template name="sect4"><Section/>&#160;%n, <startquote/>%t<endquote/></template>
<template name="sect5"><Section/>&#160;%n, <startquote/>%t<endquote/></template>
<template name="section"><Section/>&#160;%n, <startquote/>%t<endquote/></template>
<template name="simplesect"><sectioncalled/> <startquote/>%t<endquote/></template>
<template name="table"><Table/>&#160;%n, <startquote/>%t<endquote/></template>

</context>

<context name="authorgroup">
<template name="sep"><listcomma/> </template>
<template name="sep2"> <and/> </template>
<template name="seplast"><lastlistcomma/> <and/> </template>
</context>

<context name="glossary">
<template name="see"><GlossSee/> %t.</template>
<template name="seealso"><GlossSeeAlso/> %t.</template>
<template name="seealso-separator">, </template>
</context>

<context name="msgset">
<template name="MsgAud"><MsgAud/>: </template>
<template name="MsgLevel"><MsgLevel/>: </template>
<template name="MsgOrig"><MsgOrig/>: </template>
</context>
  
<context name="datetime">
<template name="format">Y/m/d</template>
</context>

<context name="termdef">
<template name="prefix">[&#1058;&#1086;&#1076;&#1086;&#1088;&#1093;&#1086;&#1081;&#1083;&#1086;&#1083;&#1090;: </template>
<template name="suffix">]</template>
</context>
  
<context name="datetime-full">
<template name="January">&#1061;&#1091;&#1083;&#1075;&#1072;&#1085;&#1072; &#1089;&#1072;&#1088;&#1099;&#1085;</template>
<template name="February">&#1198;&#1093;&#1101;&#1088; &#1089;&#1072;&#1088;&#1099;&#1085;</template>
<template name="March">&#1041;&#1072;&#1088; &#1089;&#1072;&#1088;&#1099;&#1085;</template>
<template name="April">&#1058;&#1091;&#1091;&#1083;&#1072;&#1081; &#1089;&#1072;&#1088;&#1099;&#1085;</template>
<template name="May">&#1051;&#1091;&#1091; &#1089;&#1072;&#1088;&#1099;&#1085;</template>
<template name="June">&#1052;&#1086;&#1075;&#1086;&#1081; &#1089;&#1072;&#1088;&#1099;&#1085;</template>
<template name="July">&#1052;&#1086;&#1088;&#1100; &#1089;&#1072;&#1088;&#1099;&#1085;</template>
<template name="August">&#1061;&#1086;&#1085;&#1100; &#1089;&#1072;&#1088;&#1099;&#1085;</template>
<template name="September">&#1041;&#1080;&#1095; &#1089;&#1072;&#1088;&#1099;&#1085;</template>
<template name="October">&#1058;&#1072;&#1093;&#1080;&#1072; &#1089;&#1072;&#1088;&#1099;&#1085;</template>
<template name="November">&#1053;&#1086;&#1093;&#1086;&#1081; &#1089;&#1072;&#1088;&#1099;&#1085;</template>
<template name="December">&#1043;&#1072;&#1093;&#1072;&#1081; &#1089;&#1072;&#1088;&#1099;&#1085;</template>
<template name="Monday">&#1044;&#1072;&#1074;&#1072;&#1072;</template>
<template name="Tuesday">&#1052;&#1103;&#1075;&#1084;&#1072;&#1088;</template>
<template name="Wednesday">&#1051;&#1093;&#1072;&#1075;&#1074;&#1072;</template>
<template name="Thursday">&#1055;&#1199;&#1088;&#1101;&#1074;</template>
<template name="Friday">&#1041;&#1072;&#1072;&#1089;&#1072;&#1085;</template>
<template name="Saturday">&#1041;&#1103;&#1084;&#1073;&#1072;</template>
<template name="Sunday">&#1053;&#1103;&#1084;</template>
</context>
  
<context name="datetime-abbrev">
<template name="Jan">&#1061;&#1091;&#1083;</template>
<template name="Feb">&#1198;&#1093;&#1101;</template>
<template name="Mar">&#1041;&#1072;&#1088;</template>
<template name="Apr">&#1058;&#1091;&#1091;</template>
<template name="May">&#1051;&#1091;&#1091;</template>
<template name="Jun">&#1052;&#1086;&#1075;</template>
<template name="Jul">&#1052;&#1086;&#1088;</template>
<template name="Aug">&#1061;&#1086;&#1085;</template>
<template name="Sep">&#1041;&#1080;&#1095;</template>
<template name="Oct">&#1058;&#1072;&#1093;</template>
<template name="Nov">&#1053;&#1086;&#1093;</template>
<template name="Dec">&#1043;&#1072;&#1093;</template>
<template name="Mon">&#1044;&#1072;</template>
<template name="Tue">&#1052;&#1103;</template>
<template name="Wed">&#1051;&#1093;</template>
<template name="Thu">&#1055;&#1199;</template>
<template name="Fri">&#1041;&#1072;</template>
<template name="Sat">&#1041;&#1103;</template>
<template name="Sun">&#1053;&#1103;</template>
</context>
  
<context name="htmlhelp">
<template name="langcode">0x0450 Mongolian (MONGOLIA)</template>
</context>

<context name="index">
<template name="term-separator">, </template>
<template name="number-separator">, </template>
<template name="range-separator">-</template>
</context>

<letters>
    <l i="-1"/>

    <l i="0">&#1058;&#1101;&#1084;&#1076;&#1101;&#1075;&#1090;&#1199;&#1199;&#1076;</l>


    <l i="10">A</l>
    <l i="10">a</l>
    <l i="20">B</l>
    <l i="20">b</l>
    <l i="30">C</l>
    <l i="30">c</l>
    <l i="40">D</l>
    <l i="40">d</l>
    <l i="50">E</l>
    <l i="50">e</l>
    <l i="60">F</l>
    <l i="60">f</l>
    <l i="70">G</l>
    <l i="70">g</l>
    <l i="80">H</l>
    <l i="80">h</l>
    <l i="90">I</l>
    <l i="90">i</l>
    <l i="100">J</l>
    <l i="100">j</l>
    <l i="110">K</l>
    <l i="110">k</l>
    <l i="120">L</l>
    <l i="120">l</l>
    <l i="130">M</l>
    <l i="130">m</l>
    <l i="140">N</l>
    <l i="140">n</l>
    <l i="150">O</l>
    <l i="150">o</l>
    <l i="160">P</l>
    <l i="160">p</l>
    <l i="170">Q</l>
    <l i="170">q</l>
    <l i="180">R</l>
    <l i="180">r</l>
    <l i="190">S</l>
    <l i="190">s</l>
    <l i="200">T</l>
    <l i="200">t</l>
    <l i="210">U</l>
    <l i="210">u</l>
    <l i="220">V</l>
    <l i="220">v</l>
    <l i="230">W</l>
    <l i="230">w</l>
    <l i="240">X</l>
    <l i="240">x</l>
    <l i="250">Y</l>
    <l i="250">y</l>
    <l i="260">Z</l>
    <l i="260">z</l>
    <l i="270">&#1040;</l>
    <l i="270">&#1072;</l>
    <l i="280">&#1041;</l>
    <l i="280">&#1073;</l>
    <l i="290">&#1042;</l>
    <l i="290">&#1074;</l>
    <l i="300">&#1043;</l>
    <l i="300">&#1075;</l>
    <l i="310">&#1044;</l>
    <l i="310">&#1076;</l>
    <l i="320">&#1045;</l>
    <l i="320">&#1077;</l>
    <l i="330">&#1025;</l>
    <l i="330">&#1105;</l>
    <l i="340">&#1046;</l>
    <l i="340">&#1078;</l>
    <l i="350">&#1047;</l>
    <l i="350">&#1079;</l>
    <l i="360">&#1048;</l>
    <l i="360">&#1080;</l>
    <l i="370">&#1049;</l>
    <l i="370">&#1081;</l>
    <l i="380">&#1050;</l>
    <l i="380">&#1082;</l>
    <l i="390">&#1051;</l>
    <l i="390">&#1083;</l>
    <l i="400">&#1052;</l>
    <l i="400">&#1084;</l>
    <l i="410">&#1053;</l>
    <l i="410">&#1085;</l>
    <l i="420">&#1054;</l>
    <l i="420">&#1086;</l>
    <l i="430">&#1256;</l>
    <l i="430">&#1257;</l>
    <l i="440">&#1055;</l>
    <l i="440">&#1087;</l>
    <l i="450">&#1056;</l>
    <l i="450">&#1088;</l>
    <l i="460">&#1057;</l>
    <l i="460">&#1089;</l>
    <l i="470">&#1058;</l>
    <l i="470">&#1090;</l>
    <l i="480">&#1059;</l>
    <l i="480">&#1091;</l>
    <l i="490">&#1198;</l>
    <l i="490">&#1199;</l>
    <l i="500">&#1060;</l>
    <l i="500">&#1092;</l>
    <l i="510">&#1061;</l>
    <l i="510">&#1093;</l>
    <l i="520">&#1062;</l>
    <l i="520">&#1094;</l>
    <l i="530">&#1063;</l>
    <l i="530">&#1095;</l>
    <l i="540">&#1064;</l>
    <l i="540">&#1096;</l>
    <l i="550">&#1065;</l>
    <l i="550">&#1097;</l>
    <l i="560">&#1066;</l>
    <l i="560">&#1098;</l>
    <l i="570">&#1067;</l>
    <l i="570">&#1099;</l>
    <l i="580">&#1068;</l>
    <l i="580">&#1100;</l>
    <l i="590">&#1069;</l>
    <l i="590">&#1101;</l>
    <l i="600">&#1070;</l>
    <l i="600">&#1102;</l>
    <l i="610">&#1071;</l>
    <l i="610">&#1103;</l>
</letters>

</locale>