<locale language="ca" english-language-name="Catalan">

<info xmlns="http://docbook.org/ns/docbook">
<authorgroup>
  <author><personname><firstname>Jordi</firstname><surname>Vilalta</surname></personname>
  <email>jvprat@wanadoo.es</email>
          
  </author>
</authorgroup>

</info>

<gentext key="Abstract" text="Resum"/>
<gentext key="abstract" text="Resum"/>
<gentext key="Answer" text="Resposta"/>
<gentext key="answer" text="Resposta"/>
<gentext key="Appendix" text="Ap&#232;ndix"/>
<gentext key="appendix" text="Ap&#232;ndix"/>
<gentext key="Article" text="Article"/>
<gentext key="article" text="Article"/>
<gentext key="Bibliography" text="Bibliografia"/>
<gentext key="bibliography" text="Bibliografia"/>
<gentext key="Book" text="Llibre"/>
<gentext key="book" text="Llibre"/>
<gentext key="Caution" text="Atenci&#243;"/>
<gentext key="caution" text="Atenci&#243;"/>
<gentext key="CAUTION" text="ATENCI&#211;"/>
<gentext key="Chapter" text="Cap&#237;tol"/>
<gentext key="chapter" text="Cap&#237;tol"/>
<gentext key="Colophon" text="Colof&#243;"/>
<gentext key="colophon" text="Colof&#243;"/>
<gentext key="Copyright" text="Dret de reproducci&#243;"/>
<gentext key="copyright" text="Dret de reproducci&#243;"/>
<gentext key="Dedication" text="Dedicat&#242;ria"/>
<gentext key="dedication" text="Dedicat&#242;ria"/>
<gentext key="Edition" text="Edici&#243;"/>
<gentext key="edition" text="Edici&#243;"/>
<gentext key="Equation" text="Equaci&#243;"/>
<gentext key="equation" text="Equaci&#243;"/>
<gentext key="Example" text="Exemple"/>
<gentext key="example" text="Exemple"/>
<gentext key="Figure" text="Figura"/>
<gentext key="figure" text="Figura"/>
<gentext key="Glossary" text="Glossari"/>
<gentext key="glossary" text="Glossari"/>
<gentext key="GlossSee" text="Veure"/>
<gentext key="glosssee" text="Veure"/>
<gentext key="GlossSeeAlso" text="Veure tamb&#233;"/>
<gentext key="glossseealso" text="Veure tamb&#233;"/>
<gentext key="IMPORTANT" text="IMPORTANT"/>
<gentext key="Important" text="Important"/>
<gentext key="important" text="Important"/>
<gentext key="Index" text="&#205;ndex alfab&#232;tic"/>
<gentext key="index" text="&#205;ndex alfab&#232;tic"/>
<gentext key="ISBN" text="ISBN"/>
<gentext key="isbn" text="ISBN"/>
<gentext key="LegalNotice" text="Av&#237;s legal"/>
<gentext key="legalnotice" text="Av&#237;s legal"/>
<gentext key="MsgAud" text="Audi&#232;ncia"/>
<gentext key="msgaud" text="Audi&#232;ncia"/>
<gentext key="MsgLevel" text="Nivell"/>
<gentext key="msglevel" text="Nivell"/>
<gentext key="MsgOrig" text="Origen"/>
<gentext key="msgorig" text="Origen"/>
<gentext key="NOTE" text="NOTA"/>
<gentext key="Note" text="Nota"/>
<gentext key="note" text="Nota"/>
<gentext key="Part" text="Part"/>
<gentext key="part" text="Part"/>
<gentext key="Preface" text="Prefaci"/>
<gentext key="preface" text="Prefaci"/>
<gentext key="Procedure" text="Procediment"/>
<gentext key="procedure" text="Procediment"/>
<gentext key="ProductionSet" text="Producci&#243;"/>
<gentext key="PubDate" text="Data de publicaci&#243;"/>
<gentext key="pubdate" text="Data de publicaci&#243;"/>
<gentext key="Published" text="Publicat"/>
<gentext key="published" text="Publicat"/>
<gentext key="Qandadiv" text="Pregunta i Resposta"/>
<gentext key="qandadiv" text="Pregunta i Resposta"/>
<gentext key="Question" text="Pregunta"/>
<gentext key="question" text="Pregunta"/>
<gentext key="RefEntry" text="Entrada de refer&#232;ncia"/>
<gentext key="refentry" text="Entrada de refer&#232;ncia"/>
<gentext key="Reference" text="Refer&#232;ncia"/>
<gentext key="reference" text="Refer&#232;ncia"/>
<gentext key="RefName" text="Nom"/>
<gentext key="refname" text="Nom"/>
<gentext key="RefSection" text="Secci&#243; de refer&#232;ncia"/>
<gentext key="refsection" text="Secci&#243; de refer&#232;ncia"/>
<gentext key="RefSynopsisDiv" text="Sinopsi"/>
<gentext key="refsynopsisdiv" text="Sinopsi"/>
<gentext key="RevHistory" text="Historial de revisions"/>
<gentext key="revhistory" text="Historial de revisions"/>
<gentext key="Revision" text="Revisi&#243;"/>
<gentext key="revision" text="Revisi&#243;"/>
<gentext key="sect1" text="Secci&#243;"/>
<gentext key="sect2" text="Secci&#243;"/>
<gentext key="sect3" text="Secci&#243;"/>
<gentext key="sect4" text="Secci&#243;"/>
<gentext key="sect5" text="Secci&#243;"/>
<gentext key="Section" text="Secci&#243;"/>
<gentext key="section" text="Secci&#243;"/>
<gentext key="See" text="Veure"/>
<gentext key="see" text="Veure"/>
<gentext key="SeeAlso" text="Veure Tamb&#233;"/>
<gentext key="Seealso" text="Veure tamb&#233;"/>
<gentext key="seealso" text="Veure tamb&#233;"/>
<gentext key="Set" text="Conjunt"/>
<gentext key="set" text="Conjunt"/>
<gentext key="SetIndex" text="&#205;ndex del conjunt"/>
<gentext key="setindex" text="&#205;ndex del conjunt"/>
<gentext key="Sidebar" text="Barra lateral"/>
<gentext key="sidebar" text="Barra lateral"/>
<gentext key="step" text="Pas"/>
<gentext key="Step" text="Pas"/>
<gentext key="table" text="Taula"/>
<gentext key="Table" text="Taula"/>
<gentext key="TIP" text="SUGGERIMENT"/>
<gentext key="Tip" text="Suggeriment"/>
<gentext key="tip" text="Suggeriment"/>
<gentext key="WARNING" text="AV&#205;S"/>
<gentext key="Warning" text="Av&#237;s"/>
<gentext key="warning" text="Av&#237;s"/>

<gentext key="and" text="i"/>
<gentext key="by" text="per"/>
<gentext key="Edited" text="Editat"/>
<gentext key="edited" text="Editat"/>
<gentext key="Editedby" text="Editat per"/>
<gentext key="editedby" text="Editat per"/>
<gentext key="in" text="a"/>
<gentext key="lastlistcomma" text=","/>
<gentext key="listcomma" text=","/>
<gentext key="notes" text="notes"/>
<gentext key="Notes" text="Notes"/>
<gentext key="Pgs" text="P&#224;gs."/>
<gentext key="pgs" text="P&#224;gs."/>
<gentext key="Revisedby" text="Revisat per: "/>
<gentext key="revisedby" text="Revisat per: "/>
<gentext key="TableNotes" text="Notes de taula"/>
<gentext key="tablenotes" text="Notes de taula"/>
<gentext key="TableofContents" text="Sumari"/>
<gentext key="tableofcontents" text="Sumari"/>
<gentext key="unexpectedelementname" text="nom d'element inesperat"/>
<gentext key="unsupported" text="no reconeguda"/>
<gentext key="xrefto" text="refer&#232;ncia a"/>

<gentext key="listofequations" text="&#205;ndex d'equacions"/>
<gentext key="ListofEquations" text="&#205;ndex d'equacions"/>
<gentext key="ListofExamples" text="&#205;ndex d'exemples"/>
<gentext key="listofexamples" text="&#205;ndex d'exemples"/>
<gentext key="ListofFigures" text="&#205;ndex de figures"/>
<gentext key="listoffigures" text="&#205;ndex de figures"/>
<gentext key="listoftables" text="&#205;ndex de taules"/>
<gentext key="ListofTables" text="&#205;ndex de taules"/>
<gentext key="ListofUnknown" text="&#205;ndex de desconegut ?"/>
<gentext key="listofunknown" text="&#205;ndex de desconegut ?"/>

<gentext key="nav-home" text="Inici"/>
<gentext key="nav-next" text="Seg&#252;ent"/>
<gentext key="nav-next-sibling" text="Avan&#231;ar"/>
<gentext key="nav-prev" text="Anterior"/>
<gentext key="nav-prev-sibling" text="Retrocedir"/>
<gentext key="nav-up" text="Pujar"/>

<gentext key="Draft" text="Esborrany"/>
<gentext key="above" text="dalt"/>
<gentext key="below" text="baix"/>
<gentext key="sectioncalled" text="secci&#243; anomenada"/>
<gentext key="index symbols" text="S&#237;mbols"/>
<gentext key="writing-mode" text="lr-tb"/>

<gentext key="lowercase.alpha" text="abcdefghijklmnopqrstuvwxyz&#224;&#232;&#233;&#237;&#242;&#243;&#250;&#241;&#231;"/>
<gentext key="uppercase.alpha" text="ABCDEFGHIJKLMNOPQRSTUVWXYZ&#192;&#200;&#201;&#205;&#210;&#211;&#218;&#209;&#199;"/>

<dingbat key="startquote" text="&#8220;"/>
<dingbat key="endquote" text="&#8221;"/>
<dingbat key="nestedstartquote" text="&#8216;"/>
<dingbat key="nestedendquote" text="&#8217;"/>
<dingbat key="bullet" text="&#8226;"/>

<context name="styles">

<template name="person-name">last-first</template>

</context>

<context name="title">

<template name="abstract">%t</template>
<template name="answer">%t</template>
<template name="appendix"><Appendix/> %n. %t</template>
<template name="article">%t</template>
<template name="authorblurb">%t</template>
<template name="bibliodiv">%t</template>
<template name="biblioentry">%t</template>
<template name="bibliography">%t</template>
<template name="bibliomixed">%t</template>
<template name="bibliomset">%t</template>
<template name="biblioset">%t</template>
<template name="blockquote">%t</template>
<template name="book">%t</template>
<template name="calloutlist">%t</template>
<template name="caution">%t</template>
<template name="chapter"><Chapter/> %n. %t</template>
<template name="colophon">%t</template>
<template name="dedication">%t</template>
<template name="equation"><Equation/> %n. %t</template>
<template name="example"><Example/> %n. %t</template>
<template name="figure"><Figure/> %n. %t</template>
<template name="formalpara">%t</template>
<template name="glossary">%t</template>
<template name="glossdiv">%t</template>
<template name="important">%t</template>
<template name="index">%t</template>
<template name="indexdiv">%t</template>
<template name="itemizedlist">%t</template>
<template name="legalnotice">%t</template>
<template name="listitem"/>
<template name="lot">%t</template>
<template name="msg">%t</template>
<template name="msgexplan">%t</template>
<template name="msgmain">%t</template>
<template name="msgrel">%t</template>
<template name="msgset">%t</template>
<template name="msgsub">%t</template>
<template name="note">%t</template>
<template name="orderedlist">%t</template>
<template name="part"><Part/> %n. %t</template>
<template name="partintro">%t</template>
<template name="preface">%t</template>
<template name="procedure">%t</template>
<template name="procedure.formal"><Procedure/>&#160;%n.&#160;%t</template>
<template name="productionset">%t</template>
<template name="productionset.formal"><ProductionSet/>&#160;%n</template>
<template name="qandadiv">%t</template>
<template name="qandaentry">%t</template>
<template name="qandaset">%t</template>
<template name="question">%t</template>
<template name="refentry">%t</template>
<template name="reference">%t</template>
<template name="refsection">%t</template>
<template name="refsect1">%t</template>
<template name="refsect2">%t</template>
<template name="refsect3">%t</template>
<template name="refsynopsisdiv">%t</template>
<template name="refsynopsisdivinfo">%t</template>
<template name="segmentedlist">%t</template>
<template name="set">%t</template>
<template name="setindex">%t</template>
<template name="sidebar">%t</template>
<template name="step">%t</template>
<template name="table"><Table/> %n. %t</template>
<template name="tip">%t</template>
<template name="toc">%t</template>
<template name="variablelist">%t</template>
<template name="warning">%t</template>

</context>

<context name="title-unnumbered">

<template name="appendix">%t</template>
<template name="bridgehead">%t</template>
<template name="chapter">%t</template>
<template name="sect1">%t</template>
<template name="sect2">%t</template>
<template name="sect3">%t</template>
<template name="sect4">%t</template>
<template name="sect5">%t</template>
<template name="section">%t</template>
<template name="simplesect">%t</template>

</context>

<context name="title-numbered">

<template name="appendix"><Appendix/> %n. %t</template>
<template name="bridgehead">%n.&#160;%t</template>
<template name="chapter"><Chapter/> %n. %t</template>
<template name="part"><Part/>&#160;%n.&#160;%t</template>
<template name="sect1">%n. %t</template>
<template name="sect2">%n. %t</template>
<template name="sect3">%n. %t</template>
<template name="sect4">%n. %t</template>
<template name="sect5">%n. %t</template>
<template name="section">%n. %t</template>
<template name="simplesect">%n. %t</template>

</context>

<context name="subtitle">

<template name="appendix">%s</template>
<template name="article">%s</template>
<template name="bibliodiv">%s</template>
<template name="biblioentry">%s</template>
<template name="bibliography">%s</template>
<template name="bibliomixed">%s</template>
<template name="bibliomset">%s</template>
<template name="biblioset">%s</template>
<template name="book">%s</template>
<template name="chapter">%s</template>
<template name="colophon">%s</template>
<template name="dedication">%s</template>
<template name="glossary">%s</template>
<template name="glossdiv">%s</template>
<template name="index">%s</template>
<template name="indexdiv">%s</template>
<template name="lot">%s</template>
<template name="part">%s</template>
<template name="partintro">%s</template>
<template name="preface">%s</template>
<template name="refentry">%s</template>
<template name="reference">%s</template>
<template name="refsection">%s</template>
<template name="refsect1">%s</template>
<template name="refsect2">%s</template>
<template name="refsect3">%s</template>
<template name="refsynopsisdiv">%s</template>
<template name="sect1">%s</template>
<template name="sect2">%s</template>
<template name="sect3">%s</template>
<template name="sect4">%s</template>
<template name="sect5">%s</template>
<template name="section">%s</template>
<template name="set">%s</template>
<template name="setindex">%s</template>
<template name="sidebar">%s</template>
<template name="simplesect">%s</template>
<template name="toc">%s</template>

</context>

<context name="xref">
<template name="abstract">%t</template>
<template name="answer"><Answer/>&#160;%n</template>
<template name="appendix">%t</template>
<template name="article">%t</template>
<template name="authorblurb">%t</template>
<template name="bibliodiv">%t</template>
<template name="bibliography">%t</template>
<template name="bibliomset">%t</template>
<template name="biblioset">%t</template>
<template name="blockquote">%t</template>
<template name="book">%t</template>
<template name="calloutlist">%t</template>
<template name="caution">%t</template>
<template name="chapter">%t</template>
<template name="colophon">%t</template>
<template name="constraintdef">%t</template>
<template name="dedication">%t</template>
<template name="equation">%t</template>
<template name="example">%t</template>
<template name="figure">%t</template>
<template name="formalpara">%t</template>
<template name="glossary">%t</template>
<template name="glossdiv">%t</template>
<template name="important">%t</template>
<template name="index">%t</template>
<template name="indexdiv">%t</template>
<template name="itemizedlist">%t</template>
<template name="legalnotice">%t</template>
<template name="listitem">%n</template>
<template name="lot">%t</template>
<template name="msg">%t</template>
<template name="msgexplan">%t</template>
<template name="msgmain">%t</template>
<template name="msgrel">%t</template>
<template name="msgset">%t</template>
<template name="msgsub">%t</template>
<template name="note">%t</template>
<template name="orderedlist">%t</template>
<template name="page.citation"> [%p]</template>
<template name="part">%t</template>
<template name="partintro">%t</template>
<template name="preface">%t</template>
<template name="procedure">%t</template>
<template name="productionset">%t</template>
<template name="qandadiv">%t</template>
<template name="qandaentry"><Question/>&#160;%n</template>
<template name="qandaset">%t</template>
<template name="question"><Question/>&#160;%n</template>
<template name="reference">%t</template>
<template name="refsynopsisdiv">%t</template>
<template name="segmentedlist">%t</template>
<template name="set">%t</template>
<template name="setindex">%t</template>
<template name="sidebar">%t</template>
<template name="table">%t</template>
<template name="tip">%t</template>
<template name="toc">%t</template>
<template name="variablelist">%t</template>
<template name="varlistentry">%n</template>
<template name="warning">%t</template>

<template name="bridgehead"> <startquote/>%t<endquote/></template>
<template name="refsection"><startquote/>%t<endquote/></template>
<template name="refsect1"><startquote/>%t<endquote/></template>
<template name="refsect2"><startquote/>%t<endquote/></template>
<template name="refsect3"><startquote/>%t<endquote/></template>
<template name="sect1"><startquote/>%t<endquote/></template>
<template name="sect2"><startquote/>%t<endquote/></template>
<template name="sect3"><startquote/>%t<endquote/></template>
<template name="sect4"><startquote/>%t<endquote/></template>
<template name="sect5"><startquote/>%t<endquote/></template>
<template name="section"><startquote/>%t<endquote/></template>
<template name="simplesect"><startquote/>%t<endquote/></template>

</context>

<context name="xref-number">

<template name="answer"><Answer/>&#160;%n</template>
<template name="appendix"><Appendix/>&#160;%n</template>
<template name="bridgehead"><Section/>&#160;%n</template>
<template name="chapter"><Chapter/>&#160;%n</template>
<template name="equation"><Equation/>&#160;%n</template>
<template name="example"><Example/>&#160;%n</template>
<template name="figure"><Figure/>&#160;%n</template>
<template name="part"><Part/>&#160;%n</template>
<template name="procedure"><Procedure/>&#160;%n</template>
<template name="productionset"><ProductionSet/>&#160;%n</template>
<template name="qandadiv"><Qandadiv/>&#160;%n</template>
<template name="qandaentry"><Question/>&#160;%n</template>
<template name="question"><Question/>&#160;%n</template>
<template name="sect1"><Section/>&#160;%n</template>
<template name="sect2"><Section/>&#160;%n</template>
<template name="sect3"><Section/>&#160;%n</template>
<template name="sect4"><Section/>&#160;%n</template>
<template name="sect5"><Section/>&#160;%n</template>
<template name="section"><Section/>&#160;%n</template>
<template name="table"><Table/>&#160;%n</template>

</context>

<context name="xref-number-and-title">

<template name="appendix"><Appendix/>&#160;%n, %t</template>
<template name="bridgehead"><Section/>&#160;%n, <startquote/>%t<endquote/></template>
<template name="chapter"><Chapter/>&#160;%n, %t</template>
<template name="equation"><Equation/>&#160;%n, <startquote/>%t<endquote/></template>
<template name="example"><Example/>&#160;%n, <startquote/>%t<endquote/></template>
<template name="figure"><Figure/>&#160;%n, <startquote/>%t<endquote/></template>
<template name="part"><Part/>&#160;%n, <startquote/>%t<endquote/></template>
<template name="procedure"><Procedure/>&#160;%n, <startquote/>%t<endquote/></template>
<template name="productionset"><ProductionSet/>&#160;%n, <startquote/>%t<endquote/></template>
<template name="qandadiv"><Qandadiv/>&#160;%n, <startquote/>%t<endquote/></template>
<template name="refsect1"><sectioncalled/> <startquote/>%t<endquote/></template>
<template name="refsect2"><sectioncalled/> <startquote/>%t<endquote/></template>
<template name="refsect3"><sectioncalled/> <startquote/>%t<endquote/></template>
<template name="refsection"><sectioncalled/> <startquote/>%t<endquote/></template>
<template name="sect1"><Section/>&#160;%n, <startquote/>%t<endquote/></template>
<template name="sect2"><Section/>&#160;%n, <startquote/>%t<endquote/></template>
<template name="sect3"><Section/>&#160;%n, <startquote/>%t<endquote/></template>
<template name="sect4"><Section/>&#160;%n, <startquote/>%t<endquote/></template>
<template name="sect5"><Section/>&#160;%n, <startquote/>%t<endquote/></template>
<template name="section"><Section/>&#160;%n, <startquote/>%t<endquote/></template>
<template name="simplesect"><sectioncalled/> <startquote/>%t<endquote/></template>
<template name="table"><Table/>&#160;%n, <startquote/>%t<endquote/></template>

</context>

<context name="authorgroup">
<template name="sep"><listcomma/> </template>
<template name="sep2"> <and/> </template>
<template name="seplast"><lastlistcomma/> <and/> </template>
</context>

<context name="glossary">
<template name="see"><GlossSee/> %t.</template>
<template name="seealso"><GlossSeeAlso/> %t.</template>
<template name="seealso-separator">, </template>
</context>

<context name="msgset">
<template name="MsgAud"><MsgAud/>: </template>
<template name="MsgLevel"><MsgLevel/>: </template>
<template name="MsgOrig"><MsgOrig/>: </template>
</context>

<context name="htmlhelp">
<template name="langcode">0x0403 Catalan</template>
</context>

</locale>