<locale language="cs" english-language-name="Czech">

<info xmlns="http://docbook.org/ns/docbook">
<authorgroup>
  <author><personname><firstname>Jirka</firstname><surname>Kosek</surname></personname>
  <email>jirka@kosek.cz</email>
          
  </author>
</authorgroup>

</info>

<gentext key="Abstract" text="Abstrakt"/>
<gentext key="abstract" text="Abstrakt"/>
<gentext key="Answer" text="Odpov&#283;&#271;:"/>
<gentext key="answer" text="Odpov&#283;&#271;:"/>
<gentext key="Appendix" text="P&#345;&#237;loha"/>
<gentext key="appendix" text="P&#345;&#237;loha"/>
<gentext key="Article" text="&#268;l&#225;nek"/>
<gentext key="article" text="&#268;l&#225;nek"/>
<gentext key="Author" text="Autor"/>
<gentext key="Bibliography" text="Bibliografie"/>
<gentext key="bibliography" text="Bibliografie"/>
<gentext key="Book" text="Kniha"/>
<gentext key="book" text="Kniha"/>
<gentext key="CAUTION" text="V&#253;straha"/>
<gentext key="Caution" text="V&#253;straha"/>
<gentext key="caution" text="V&#253;straha"/>
<gentext key="Chapter" text="Kapitola"/>
<gentext key="chapter" text="Kapitola"/>
<gentext key="Colophon" text="Tir&#225;&#382;"/>
<gentext key="colophon" text="Tir&#225;&#382;"/>
<gentext key="Copyright" text="Copyright"/>
<gentext key="copyright" text="Copyright"/>
<gentext key="Dedication" text="V&#283;nov&#225;n&#237;"/>
<gentext key="dedication" text="V&#283;nov&#225;n&#237;"/>
<gentext key="Edition" text="Vyd&#225;n&#237;"/>
<gentext key="edition" text="Vyd&#225;n&#237;"/>
<gentext key="Equation" text="Rovnice"/>
<gentext key="equation" text="Rovnice"/>
<gentext key="Example" text="P&#345;&#237;klad"/>
<gentext key="example" text="P&#345;&#237;klad"/>
<gentext key="Figure" text="Obr&#225;zek"/>
<gentext key="figure" text="Obr&#225;zek"/>
<gentext key="Glossary" text="Slovn&#237;k"/>
<gentext key="glossary" text="Slovn&#237;k"/>
<gentext key="GlossSee" text="Viz"/>
<gentext key="glosssee" text="Viz"/>
<gentext key="GlossSeeAlso" text="Viz t&#233;&#382;"/>
<gentext key="glossseealso" text="Viz t&#233;&#382;"/>
<gentext key="IMPORTANT" text="D&#367;le&#382;it&#233;"/>
<gentext key="Important" text="D&#367;le&#382;it&#233;"/>
<gentext key="important" text="D&#367;le&#382;it&#233;"/>
<gentext key="Index" text="Rejst&#345;&#237;k"/>
<gentext key="index" text="Rejst&#345;&#237;k"/>
<gentext key="ISBN" text="ISBN"/>
<gentext key="isbn" text="ISBN"/>
<gentext key="LegalNotice" text="Pr&#225;vn&#237; dolo&#382;ka"/>
<gentext key="legalnotice" text="Pr&#225;vn&#237; dolo&#382;ka"/>
<gentext key="MsgAud" text="Publikum"/>
<gentext key="msgaud" text="Publikum"/>
<gentext key="MsgLevel" text="&#218;rove&#328;"/>
<gentext key="msglevel" text="&#218;rove&#328;"/>
<gentext key="MsgOrig" text="P&#367;vod"/>
<gentext key="msgorig" text="P&#367;vod"/>
<gentext key="NOTE" text="Pozn&#225;mka"/>
<gentext key="Note" text="Pozn&#225;mka"/>
<gentext key="note" text="Pozn&#225;mka"/>
<gentext key="Part" text="&#268;&#225;st"/>
<gentext key="part" text="&#268;&#225;st"/>
<gentext key="Preface" text="P&#345;edmluva"/>
<gentext key="preface" text="P&#345;edmluva"/>
<gentext key="Procedure" text="Postup"/>
<gentext key="procedure" text="Postup"/>
<gentext key="ProductionSet" text="Produkce"/>
<gentext key="PubDate" text="Datum vyd&#225;n&#237;"/>
<gentext key="pubdate" text="Datum vyd&#225;n&#237;"/>
<gentext key="Published" text="Vyd&#225;no"/>
<gentext key="published" text="Vyd&#225;no"/>
<gentext key="Qandadiv" text="Ot&#225;zky a odpov&#283;di"/>
<gentext key="qandadiv" text="Ot&#225;zky a odpov&#283;di"/>
<gentext key="Question" text="Ot&#225;zka:"/>
<gentext key="question" text="Ot&#225;zka:"/>
<gentext key="RefEntry" text=""/>
<gentext key="refentry" text=""/>
<gentext key="Reference" text="Odkaz"/>
<gentext key="reference" text="Odkaz"/>
<gentext key="RefName" text="Jm&#233;no"/>
<gentext key="refname" text="Jm&#233;no"/>
<gentext key="RefSection" text=""/>
<gentext key="refsection" text=""/>
<gentext key="RefSynopsisDiv" text="P&#345;ehled"/>
<gentext key="refsynopsisdiv" text="P&#345;ehled"/>
<gentext key="RevHistory" text="P&#345;ehled reviz&#237;"/>
<gentext key="revhistory" text="P&#345;ehled reviz&#237;"/>
<gentext key="Revision" text="Revize"/>
<gentext key="revision" text="Revize"/>
<gentext key="sect1" text="Odd&#237;l"/>
<gentext key="sect2" text="Odd&#237;l"/>
<gentext key="sect3" text="Odd&#237;l"/>
<gentext key="sect4" text="Odd&#237;l"/>
<gentext key="sect5" text="Odd&#237;l"/>
<gentext key="Section" text="Odd&#237;l"/>
<gentext key="section" text="Odd&#237;l"/>
<gentext key="See" text="Viz"/>
<gentext key="see" text="Viz"/>
<gentext key="SeeAlso" text="Viz t&#233;&#382;"/>
<gentext key="Seealso" text="Viz t&#233;&#382;"/>
<gentext key="seealso" text="Viz t&#233;&#382;"/>
<gentext key="Set" text="Sada"/>
<gentext key="set" text="Sada"/>
<gentext key="SetIndex" text="Rejst&#345;&#237;k sady"/>
<gentext key="setindex" text="Rejst&#345;&#237;k sady"/>
<gentext key="Sidebar" text="Margin&#225;lie"/>
<gentext key="sidebar" text="Margin&#225;lie"/>
<gentext key="Step" text="Krok"/>
<gentext key="step" text="krok"/>
<gentext key="Table" text="Tabulka"/>
<gentext key="table" text="Tabulka"/>
<gentext key="TIP" text="Tip"/>
<gentext key="Tip" text="Tip"/>
<gentext key="tip" text="Tip"/>
<gentext key="WARNING" text="Varov&#225;n&#237;"/>
<gentext key="Warning" text="Varov&#225;n&#237;"/>
<gentext key="warning" text="Varov&#225;n&#237;"/>

<gentext key="and" text="a"/>
<gentext key="by" text=""/>
<gentext key="Edited" text="Vyd&#225;no"/>
<gentext key="edited" text="Vyd&#225;no"/>
<gentext key="Editedby" text="Sestavil"/>
<gentext key="editedby" text="Sestavil"/>
<gentext key="in" text="v"/>
<gentext key="lastlistcomma" text=""/>
<gentext key="listcomma" text=","/>
<gentext key="notes" text="Pozn&#225;mky"/>
<gentext key="Notes" text="Pozn&#225;mky"/>
<gentext key="Pgs" text="Str."/>
<gentext key="pgs" text="Str."/>
<gentext key="Revisedby" text="Revidoval: "/>
<gentext key="revisedby" text="Revidoval: "/> 
<gentext key="TableNotes" text="Pozn&#225;mky"/>
<gentext key="tablenotes" text="Pozn&#225;mky"/>
<gentext key="TableofContents" text="Obsah"/>
<gentext key="tableofcontents" text="Obsah"/>
<gentext key="unexpectedelementname" text="Neo&#269;ek&#225;van&#233; jm&#233;no prvku"/>
<gentext key="unsupported" text="nepodporovan&#253;"/>
<gentext key="xrefto" text="xref k"/>

<gentext key="Authors" text="Auto&#345;i"/>

<gentext key="copyeditor" text="Korektor"/>
<gentext key="graphicdesigner" text="Grafick&#253; design&#233;r"/>
<gentext key="productioneditor" text="Produkce"/>
<gentext key="technicaleditor" text="Technick&#253; editor"/>
<gentext key="translator" text="P&#345;ekladatel"/>

<gentext key="listofequations" text="Seznam rovnic"/>
<gentext key="ListofEquations" text="Seznam rovnic"/>
<gentext key="ListofExamples" text="Seznam p&#345;&#237;klad&#367;"/>
<gentext key="listofexamples" text="Seznam p&#345;&#237;klad&#367;"/>
<gentext key="ListofFigures" text="Seznam obr&#225;zk&#367;"/>
<gentext key="listoffigures" text="Seznam obr&#225;zk&#367;"/>
<gentext key="ListofProcedures" text="Seznam postup&#367;"/>
<gentext key="listofprocedures" text="Seznam postup&#367;"/>
<gentext key="listoftables" text="Seznam tabulek"/>
<gentext key="ListofTables" text="Seznam tabulek"/>
<gentext key="ListofUnknown" text="Seznam nezn&#225;m&#233;ho"/>
<gentext key="listofunknown" text="Seznam nezn&#225;m&#233;ho"/>

<gentext key="nav-home" text="Dom&#367;"/>
<gentext key="nav-next" text="Dal&#353;&#237;"/>
<gentext key="nav-next-sibling" text="Rychle dop&#345;edu"/>
<gentext key="nav-prev" text="P&#345;edch&#225;zej&#237;c&#237;"/>
<gentext key="nav-prev-sibling" text="Rychle zp&#283;t"/>
<gentext key="nav-up" text="Nahoru"/>
<gentext key="nav-toc" text="Obsah"/>

<gentext key="sectioncalled" text="odd&#237;l nazvan&#253;"/>
<gentext key="Draft" text="N&#225;vrh"/> 
<gentext key="above" text="nad"/>  
<gentext key="below" text="pod"/>  
<gentext key="index symbols" text="Symboly"/>
<gentext key="writing-mode" text="lr-tb"/>

<gentext key="lowercase.alpha" text="a&#225;bc&#269;d&#271;e&#233;&#283;fghi&#237;jklmn&#328;o&#243;pqr&#345;s&#353;t&#357;u&#250;&#367;vwxy&#253;z&#382;"/>
<gentext key="uppercase.alpha" text="A&#193;BC&#268;D&#270;E&#201;&#282;FGHI&#205;JKLMN&#327;O&#211;PQR&#344;S&#352;T&#356;U&#218;&#366;VWXY&#221;Z&#381;"/>

<gentext key="normalize.sort.input" text="a&#225;bc&#269;d&#271;e&#233;&#283;fghi&#237;jklmn&#328;o&#243;pqr&#345;s&#353;t&#357;u&#250;&#367;vwxy&#253;z&#382;"/>
<gentext key="normalize.sort.output" text="A&#193;BC&#268;D&#270;E&#201;&#282;FGHI&#205;JKLMN&#327;O&#211;PQR&#344;S&#352;T&#356;U&#218;&#366;VWXY&#221;Z&#381;"/>

<dingbat key="startquote" text="&#8222;"/>
<dingbat key="endquote" text="&#8220;"/>
<dingbat key="nestedstartquote" text="&#8218;"/>
<dingbat key="nestedendquote" text="&#8216;"/>
<dingbat key="singlestartquote" text="&#8218;"/>
<dingbat key="singleendquote" text="&#8216;"/>
<dingbat key="bullet" text="&#8226;"/>

<context name="styles">

<template name="person-name">first-last</template>

</context>

<context name="title">

<template name="abstract">%t</template>
<template name="answer">%t</template>
<template name="appendix"><Appendix/> %n. %t</template>
<template name="article">%t</template>
<template name="authorblurb">%t</template>
<template name="bibliodiv">%t</template>
<template name="biblioentry">%t</template>
<template name="bibliography">%t</template>
<template name="bibliomixed">%t</template>
<template name="bibliomset">%t</template>
<template name="biblioset">%t</template>
<template name="blockquote">%t</template>
<template name="book">%t</template>
<template name="calloutlist">%t</template>
<template name="caution">%t</template>
<template name="chapter"><Chapter/> %n. %t</template>
<template name="colophon">%t</template>
<template name="dedication">%t</template>
<template name="equation"><Equation/> %n. %t</template>
<template name="example"><Example/> %n. %t</template>
<template name="figure"><Figure/> %n. %t</template>
<template name="formalpara">%t</template>
<template name="glossary">%t</template>
<template name="glossdiv">%t</template>
<template name="important">%t</template>
<template name="index">%t</template>
<template name="indexdiv">%t</template>
<template name="itemizedlist">%t</template>
<template name="legalnotice">%t</template>
<template name="listitem"/>
<template name="lot">%t</template>
<template name="msg">%t</template>
<template name="msgexplan">%t</template>
<template name="msgmain">%t</template>
<template name="msgrel">%t</template>
<template name="msgset">%t</template>
<template name="msgsub">%t</template>
<template name="note">%t</template>
<template name="orderedlist">%t</template>
<template name="part"><Part/> %n. %t</template>
<template name="partintro">%t</template>
<template name="preface">%t</template>
<template name="procedure">%t</template>
<template name="procedure.formal"><Procedure/> %n. %t</template>
<template name="productionset">%t</template>
<template name="productionset.formal"><ProductionSet/> %n</template>
<template name="qandadiv">%t</template>
<template name="qandaentry">%t</template>
<template name="qandaset">%t</template>
<template name="question">%t</template>
<template name="refentry">%t</template>
<template name="reference">%t</template>
<template name="refsection">%t</template>
<template name="refsect1">%t</template>
<template name="refsect2">%t</template>
<template name="refsect3">%t</template>
<template name="refsynopsisdiv">%t</template>
<template name="refsynopsisdivinfo">%t</template>
<template name="segmentedlist">%t</template>
<template name="set">%t</template>
<template name="setindex">%t</template>
<template name="sidebar">%t</template>
<template name="step">%t</template>
<template name="table"><Table/> %n. %t</template>
<template name="tip">%t</template>
<template name="toc">%t</template>
<template name="variablelist">%t</template>
<template name="varlistentry"/>
<template name="warning">%t</template>

</context>

<context name="title-unnumbered">

<template name="appendix">%t</template>
<template name="bridgehead">%t</template>
<template name="chapter">%t</template>
<template name="sect1">%t</template>
<template name="sect2">%t</template>
<template name="sect3">%t</template>
<template name="sect4">%t</template>
<template name="sect5">%t</template>
<template name="section">%t</template>
<template name="simplesect">%t</template>

</context>

<context name="title-numbered">

<template name="appendix"><Appendix/> %n. %t</template>
<template name="bridgehead">%n. %t</template>
<template name="chapter"><Chapter/> %n. %t</template>
<template name="part"><Part/>&#160;%n.&#160;%t</template>
<template name="sect1">%n. %t</template>
<template name="sect2">%n. %t</template>
<template name="sect3">%n. %t</template>
<template name="sect4">%n. %t</template>
<template name="sect5">%n. %t</template>
<template name="section">%n. %t</template>
<template name="simplesect">%n. %t</template>

</context>

<context name="subtitle">

<template name="appendix">%s</template>
<template name="article">%s</template>
<template name="bibliodiv">%s</template>
<template name="biblioentry">%s</template>
<template name="bibliography">%s</template>
<template name="bibliomixed">%s</template>
<template name="bibliomset">%s</template>
<template name="biblioset">%s</template>
<template name="book">%s</template>
<template name="chapter">%s</template>
<template name="colophon">%s</template>
<template name="dedication">%s</template>
<template name="glossary">%s</template>
<template name="glossdiv">%s</template>
<template name="index">%s</template>
<template name="indexdiv">%s</template>
<template name="lot">%s</template>
<template name="part">%s</template>
<template name="partintro">%s</template>
<template name="preface">%s</template>
<template name="refentry">%s</template>
<template name="reference">%s</template>
<template name="refsection">%s</template>
<template name="refsect1">%s</template>
<template name="refsect2">%s</template>
<template name="refsect3">%s</template>
<template name="refsynopsisdiv">%s</template>
<template name="sect1">%s</template>
<template name="sect2">%s</template>
<template name="sect3">%s</template>
<template name="sect4">%s</template>
<template name="sect5">%s</template>
<template name="section">%s</template>
<template name="set">%s</template>
<template name="setindex">%s</template>
<template name="sidebar">%s</template>
<template name="simplesect">%s</template>
<template name="toc">%s</template>

</context>

<context name="xref">
<template name="abstract">%t</template>
<template name="answer">%n</template>
<template name="appendix">%t</template>
<template name="article">%t</template>
<template name="authorblurb">%t</template>
<template name="bibliodiv">%t</template>
<template name="bibliography">%t</template>
<template name="bibliomset">%t</template>
<template name="biblioset">%t</template>
<template name="blockquote">%t</template>
<template name="book">%t</template>
<template name="calloutlist">%t</template>
<template name="caution">%t</template>
<template name="chapter">%t</template>
<template name="colophon">%t</template>
<template name="constraintdef">%t</template>
<template name="dedication">%t</template>
<template name="equation">%t</template>
<template name="example">%t</template>
<template name="figure">%t</template>
<template name="formalpara">%t</template>
<template name="glossary">%t</template>
<template name="glossdiv">%t</template>
<template name="important">%t</template>
<template name="index">%t</template>
<template name="indexdiv">%t</template>
<template name="itemizedlist">%t</template>
<template name="legalnotice">%t</template>
<template name="listitem">%n</template>
<template name="lot">%t</template>
<template name="msg">%t</template>
<template name="msgexplan">%t</template>
<template name="msgmain">%t</template>
<template name="msgrel">%t</template>
<template name="msgset">%t</template>
<template name="msgsub">%t</template>
<template name="note">%t</template>
<template name="orderedlist">%t</template>
<template name="part">%t</template>
<template name="partintro">%t</template>
<template name="preface">%t</template>
<template name="procedure">%t</template>
<template name="productionset">%t</template>
<template name="qandadiv">%t</template>
<template name="qandaentry">%n</template>
<template name="qandaset">%t</template>
<template name="question">%n</template>
<template name="reference">%t</template>
<template name="refsynopsisdiv">%t</template>
<template name="segmentedlist">%t</template>
<template name="set">%t</template>
<template name="setindex">%t</template>
<template name="sidebar">%t</template>
<template name="table">%t</template>
<template name="tip">%t</template>
<template name="toc">%t</template>
<template name="variablelist">%t</template>
<template name="varlistentry">%n</template>
<template name="warning">%t</template>

<template name="olink.document.citation">v&#160;%o</template>
<template name="olink.page.citation"> (strana %p)</template>
<template name="page.citation"> [%p]</template>
<template name="page">(strana %p)</template>
<template name="docname"> v&#160;%o</template>
<template name="docnamelong"> v&#160;dokumentu nazvan&#233;m %o</template>
<template name="pageabbrev">(str. %p)</template>
<template name="Page">Strana %p</template>

<template name="bridgehead"><startquote/>%t<endquote/></template>
<template name="refsection"><startquote/>%t<endquote/></template>
<template name="refsect1"><startquote/>%t<endquote/></template>
<template name="refsect2"><startquote/>%t<endquote/></template>
<template name="refsect3"><startquote/>%t<endquote/></template>
<template name="sect1"><startquote/>%t<endquote/></template>
<template name="sect2"><startquote/>%t<endquote/></template>
<template name="sect3"><startquote/>%t<endquote/></template>
<template name="sect4"><startquote/>%t<endquote/></template>
<template name="sect5"><startquote/>%t<endquote/></template>
<template name="section"><startquote/>%t<endquote/></template>
<template name="simplesect"><startquote/>%t<endquote/></template>

</context>

<context name="xref-number">

<template name="answer">%n</template>
<template name="appendix">%n</template>
<template name="bridgehead">%n</template>
<template name="chapter">%n</template>
<template name="equation">%n</template>
<template name="example">%n</template>
<template name="figure">%n</template>
<template name="part">%n</template>
<template name="procedure">%n</template>
<template name="productionset">%n</template>
<template name="qandadiv">%n</template>
<template name="qandaentry">%n</template>
<template name="question">%n</template>
<template name="sect1">%n</template>
<template name="sect2">%n</template>
<template name="sect3">%n</template>
<template name="sect4">%n</template>
<template name="sect5">%n</template>
<template name="section">%n</template>
<template name="table">%n</template>

</context>

<context name="xref-number-and-title">

<template name="appendix">%n &#8211; &#8222;%t&#8220;</template>
<template name="bridgehead">%n &#8211; &#8222;%t&#8220;</template>
<template name="chapter">%n &#8211; &#8222;%t&#8220;</template>
<template name="equation">%n &#8211; &#8222;%t&#8220;</template>
<template name="example">%n &#8211; &#8222;%t&#8220;</template>
<template name="figure">%n &#8211; &#8222;%t&#8220;</template>
<template name="part">%n &#8211; &#8222;%t&#8220;</template>
<template name="procedure">%n &#8211; &#8222;%t&#8220;</template>
<template name="productionset">%n &#8211; &#8222;%t&#8220;</template>
<template name="qandadiv">%n &#8211; &#8222;%t&#8220;</template>
<template name="refsect1"><startquote/>%t<endquote/></template>
<template name="refsect2"><startquote/>%t<endquote/></template>
<template name="refsect3"><startquote/>%t<endquote/></template>
<template name="refsection"><startquote/>%t<endquote/></template>
<template name="sect1">%n &#8211; &#8222;%t&#8220;</template>
<template name="sect2">%n &#8211; &#8222;%t&#8220;</template>
<template name="sect3">%n &#8211; &#8222;%t&#8220;</template>
<template name="sect4">%n &#8211; &#8222;%t&#8220;</template>
<template name="sect5">%n &#8211; &#8222;%t&#8220;</template>
<template name="section">%n &#8211; &#8222;%t&#8220;</template>
<template name="simplesect">%n &#8211; &#8222;%t&#8220;</template>
<template name="table">%n &#8211; &#8222;%t&#8220;</template>

</context>

<context name="authorgroup">
<template name="sep"><listcomma/> </template>
<template name="sep2"> <and/> </template>
<template name="seplast"><lastlistcomma/> <and/> </template>
</context>

<context name="glossary">
<template name="see"><GlossSee/> %t.</template>
<template name="seealso"><GlossSeeAlso/> %t.</template>
<template name="seealso-separator">, </template>
</context>

<context name="msgset">
<template name="MsgAud"><MsgAud/>: </template>
<template name="MsgLevel"><MsgLevel/>: </template>
<template name="MsgOrig"><MsgOrig/>: </template>
</context>

<context name="datetime">
<template name="format">d.&#160;B Y</template>
</context>

<context name="datetime-full">
<template name="January">ledna</template>
<template name="February">&#250;nora</template>
<template name="March">b&#345;ezna</template>
<template name="April">dubna</template>
<template name="May">kv&#283;tna</template>
<template name="June">&#269;ervna</template>
<template name="July">&#269;ervence</template>
<template name="August">srpna</template>
<template name="September">z&#225;&#345;&#237;</template>
<template name="October">&#345;&#237;jna</template>
<template name="November">listopadu</template>
<template name="December">prosince</template>
<template name="Monday">pond&#283;l&#237;</template>
<template name="Tuesday">&#250;ter&#253;</template>
<template name="Wednesday">st&#345;eda</template>
<template name="Thursday">&#269;tvrtek</template>
<template name="Friday">p&#225;tek</template>
<template name="Saturday">sobota</template>
<template name="Sunday">ned&#283;le</template>
</context>

<context name="datetime-abbrev">
<template name="Jan">led</template>
<template name="Feb">&#250;no</template>
<template name="Mar">b&#345;e</template>
<template name="Apr">dub</template>
<template name="May">kv&#283;</template>
<template name="Jun">&#269;er</template>
<template name="Jul">&#269;nc</template>
<template name="Aug">srp</template>
<template name="Sep">z&#225;&#345;</template>
<template name="Oct">&#345;ij</template>
<template name="Nov">lis</template>
<template name="Dec">pro</template>
<template name="Mon">po</template>
<template name="Tue">&#250;t</template>
<template name="Wed">st</template>
<template name="Thu">&#269;t</template>
<template name="Fri">p&#225;</template>
<template name="Sat">so</template>
<template name="Sun">ne</template>
</context>

<context name="htmlhelp">
<template name="langcode">0x0405 Czech</template>
</context>

<context name="iso690">
  
  
  <template name="lastfirst.sep">, </template> 
  <template name="alt.person.two.sep"> &#8211; </template>
  <template name="alt.person.last.sep"> &#8211; </template> 
  <template name="alt.person.more.sep"> &#8211; </template> 
  <template name="primary.editor"> (ed.)</template> 
  <template name="primary.many">, et al.</template> 
  <template name="primary.sep">. </template> 
  
  
  
  <template name="submaintitle.sep">: </template> 
  <template name="title.sep">. </template> 
  <template name="othertitle.sep">, </template> 
  
  
  
  <template name="medium1"> [</template>
  <template name="medium2">]</template>
  
  
  
  <template name="secondary.person.sep">; </template> 
  <template name="secondary.sep">. </template> 
  
  
  
  <template name="respons.sep">. </template> 
  
  
  <template name="edition.sep">. </template> 
  <template name="edition.serial.sep">, </template> 
  
  
  <template name="issuing.range">-</template> 
  <template name="issuing.div">, </template> 
  <template name="issuing.sep">. </template> 
  
  
  <template name="partnr.sep">. </template> 
  
  
  <template name="placepubl.sep">: </template> 
  <template name="publyear.sep">, </template> 
  <template name="pubinfo.sep">. </template> 
  <template name="spec.pubinfo.sep">, </template> 
  
  
  <template name="upd.sep">, </template> 
  
  
  
  <template name="datecit1"> [cit. </template>
  <template name="datecit2">]</template>
  
  
  <template name="extent.sep">. </template>
  
  
  <template name="locs.sep">, </template> 
  <template name="location.sep">. </template>
  
  
  <template name="serie.sep">. </template>
  
  
  <template name="notice.sep">. </template>
  
  
  
  <template name="access">Dostupn&#233; </template>
  <template name="acctoo">Dostupn&#233; tak&#233; </template>
  <template name="onwww">na World Wide Web</template>
  <template name="oninet">na Internetu</template>
  <template name="access.end">: </template>
  <template name="link1">&lt;</template> 
  <template name="link2">&gt;</template> 
  <template name="access.sep">. </template>
  
  
  
  <template name="isbn">ISBN </template>
  <template name="issn">ISSN </template>
  <template name="stdnum.sep">. </template> 
  
  
  <template name="patcountry.sep">. </template> 
  <template name="pattype.sep">, </template> 
  <template name="patnum.sep">. </template> 
  <template name="patdate.sep">. </template> 
</context>
  
<letters>
  <l i="-1"/>
  <l i="0">Symboly</l>
  <l i="1">A</l>
  <l i="1">a</l>
  <l i="1">&#193;</l>
  <l i="1">&#225;</l>
  <l i="2">B</l>
  <l i="2">b</l>
  <l i="3">C</l>
  <l i="3">c</l>
  <l i="4">&#268;</l>
  <l i="4">&#269;</l>
  <l i="5">D</l>
  <l i="5">d</l>
  <l i="5">&#270;</l>
  <l i="5">&#271;</l>
  <l i="7">E</l>
  <l i="7">e</l>
  <l i="7">&#201;</l>
  <l i="7">&#233;</l>
  <l i="7">&#282;</l>
  <l i="7">&#283;</l>
  <l i="7">&#203;</l>
  <l i="7">&#235;</l>
  <l i="8">F</l>
  <l i="8">f</l>
  <l i="9">G</l>
  <l i="9">g</l>
  <l i="10">H</l>
  <l i="10">h</l>
  <l i="11">Ch</l>
  <l i="11">ch</l>
  <l i="11">cH</l>
  <l i="11">CH</l>
  <l i="12">I</l>
  <l i="12">i</l>
  <l i="12">&#205;</l>
  <l i="12">&#237;</l>
  <l i="13">J</l>
  <l i="13">j</l>
  <l i="14">K</l>
  <l i="14">k</l>
  <l i="15">L</l>
  <l i="15">l</l>
  <l i="16">M</l>
  <l i="16">m</l>
  <l i="17">N</l>
  <l i="17">n</l>
  <l i="17">&#327;</l>
  <l i="17">&#328;</l>
  <l i="19">O</l>
  <l i="19">o</l>
  <l i="19">&#211;</l>
  <l i="19">&#243;</l>
  <l i="19">&#214;</l>
  <l i="19">&#246;</l>
  <l i="20">P</l>
  <l i="20">p</l>
  <l i="21">Q</l>
  <l i="21">q</l>
  <l i="22">R</l>
  <l i="22">r</l>
  <l i="23">&#344;</l>
  <l i="23">&#345;</l>
  <l i="24">S</l>
  <l i="24">s</l>
  <l i="25">&#352;</l>
  <l i="25">&#353;</l>
  <l i="26">T</l>
  <l i="26">t</l>
  <l i="26">&#356;</l>
  <l i="26">&#357;</l>
  <l i="28">U</l>
  <l i="28">u</l>
  <l i="28">&#218;</l>
  <l i="28">&#250;</l>
  <l i="28">&#366;</l>
  <l i="28">&#367;</l>
  <l i="28">&#220;</l>
  <l i="28">&#252;</l>
  <l i="29">V</l>
  <l i="29">v</l>
  <l i="30">W</l>
  <l i="30">w</l>
  <l i="31">X</l>
  <l i="31">x</l>
  <l i="32">Y</l>
  <l i="32">y</l>
  <l i="32">&#221;</l>
  <l i="32">&#253;</l>
  <l i="33">Z</l>
  <l i="33">z</l>
  <l i="34">&#381;</l>
  <l i="34">&#382;</l>
</letters>

</locale>