<locale language="pl" english-language-name="Polish">

<info xmlns="http://docbook.org/ns/docbook">
<authorgroup>
  <author><personname><firstname>Rafa&#179;</firstname><surname>Kleger-Rudomin</surname></personname>
  <email>klakier@pld.org.pl</email>
          
  </author>
</authorgroup>
</info>

<gentext key="Abstract" text="Abstrakt"/>
<gentext key="abstract" text="Abstrakt"/>
<gentext key="Answer" text="Odp:"/>
<gentext key="answer" text="Odp:"/>
<gentext key="Appendix" text="Dodatek"/>
<gentext key="appendix" text="dodatek"/>
<gentext key="Article" text="Artyku&#322;"/>
<gentext key="article" text="Artyku&#322;"/>
<gentext key="Author" text="Autor"/>
<gentext key="Bibliography" text="Bibliografia"/>
<gentext key="bibliography" text="Bibliografia"/>
<gentext key="Book" text="Ksi&#261;&#380;ka"/>
<gentext key="book" text="Ksi&#261;&#380;ka"/>
<gentext key="CAUTION" text="PRZYPADEK"/>
<gentext key="Caution" text="Uwaga!"/>
<gentext key="caution" text="Uwaga!"/>
<gentext key="Chapter" text="Rozdzia&#322;"/>
<gentext key="chapter" text="rozdzia&#322;"/>
<gentext key="Colophon" text="Colophon"/>
<gentext key="colophon" text="Colophon"/> 
<gentext key="Copyright" text="Copyright"/>
<gentext key="copyright" text="Copyright"/>
<gentext key="Dedication" text="Dedykacja"/>
<gentext key="dedication" text="Dedykacja"/>
<gentext key="Edition" text="Wydanie"/>
<gentext key="edition" text="Wydanie"/>
<gentext key="Equation" text="R&#243;wnanie"/>
<gentext key="equation" text="R&#243;wnanie"/>
<gentext key="Example" text="Przyk&#322;ad"/>
<gentext key="example" text="Przyk&#322;ad"/>
<gentext key="Figure" text="Rysunek"/>
<gentext key="figure" text="Rysunek"/>
<gentext key="Glossary" text="Glossary"/>
<gentext key="glossary" text="Glossary"/>
<gentext key="GlossSee" text="Patrz"/>
<gentext key="glosssee" text="Patrz"/>
<gentext key="GlossSeeAlso" text="Patrz te&#380;"/>
<gentext key="glossseealso" text="Patrz te&#380;"/>
<gentext key="IMPORTANT" text="WA&#379;NE"/>
<gentext key="Important" text="WA&#379;NE"/>
<gentext key="important" text="WA&#379;NE"/>
<gentext key="Index" text="Indeks"/>
<gentext key="index" text="Indeks"/>
<gentext key="ISBN" text="ISBN"/>
<gentext key="isbn" text="ISBN"/>
<gentext key="LegalNotice" text="Informacja Prawna"/>
<gentext key="legalnotice" text="informacja prawna"/>
<gentext key="MsgAud" text="Odbiorcy"/>
<gentext key="msgaud" text="Odbiorcy"/>
<gentext key="MsgLevel" text="Poziom"/>
<gentext key="msglevel" text="Poziom"/>
<gentext key="MsgOrig" text="Nadawca"/>
<gentext key="msgorig" text="Nadawca"/>
<gentext key="NOTE" text="Notatka"/>
<gentext key="Note" text="Notatka"/>
<gentext key="note" text="Notatka"/>
<gentext key="Part" text="Cz&#281;&#347;&#263;"/>
<gentext key="part" text="Cz&#281;&#347;&#263;"/>
<gentext key="Preface" text="Przedmowa"/>
<gentext key="preface" text="Przedmowa"/>
<gentext key="Procedure" text="Procedura"/>
<gentext key="procedure" text="Procedura"/>
<gentext key="ProductionSet" text="Production"/> 
<gentext key="Published" text="Data wydania"/>
<gentext key="published" text="Data wydania"/>
<gentext key="Qandadiv" text="Pyt i Odp"/>
<gentext key="qandadiv" text="Pyt i Odp"/>
<gentext key="question" text="Pyt:"/>
<gentext key="Question" text="Pyt:"/>
<gentext key="RefEntry" text=""/>
<gentext key="refentry" text=""/>
<gentext key="Reference" text="Materia&#322;y &#378;r&#243;d&#322;owe"/>
<gentext key="reference" text="Materia&#322;y &#378;r&#243;d&#322;owe"/>
<gentext key="RefName" text="Nazwa"/>
<gentext key="refname" text="Nazwa"/>
<gentext key="RefSection" text=""/>
<gentext key="refsection" text=""/>
<gentext key="RefSynopsisDiv" text="Sk&#322;adnia"/>
<gentext key="refsynopsisdiv" text="Sk&#322;adnia"/>
<gentext key="RevHistory" text="Historia zmian"/>
<gentext key="revhistory" text="Historia zmian"/>
<gentext key="Revision" text="Zmiana"/>
<gentext key="revision" text="Zmiana"/>
<gentext key="sect1" text="Section"/> 
<gentext key="sect2" text="Section"/> 
<gentext key="sect3" text="Section"/> 
<gentext key="sect4" text="Section"/> 
<gentext key="sect5" text="Section"/> 
<gentext key="Section" text="Sekcja"/>
<gentext key="section" text="sekcja"/>
<gentext key="See" text="Patrz"/>
<gentext key="see" text="Patrz"/>
<gentext key="SeeAlso" text="Patrz te&#380;"/>
<gentext key="Seealso" text="Patrz te&#380;"/>
<gentext key="seealso" text="Patrz te&#380;"/>
<gentext key="Set" text="Set"/>
<gentext key="set" text="Set"/> 
<gentext key="SetIndex" text="Indeks"/>
<gentext key="setindex" text="Indeks"/>
<gentext key="Sidebar" text=""/>
<gentext key="sidebar" text=""/>
<gentext key="Step" text="krok"/>
<gentext key="step" text="krok"/>
<gentext key="Table" text="Tabela"/>
<gentext key="table" text="Tabela"/>
<gentext key="TIP" text="Podpowied&#378;"/>
<gentext key="Tip" text="Podpowied&#378;"/>
<gentext key="tip" text="Podpowied&#378;"/>
<gentext key="WARNING" text="Ostrze&#380;enie"/>
<gentext key="Warning" text="Ostrze&#380;enie"/>
<gentext key="warning" text="Ostrze&#380;enie"/>

<gentext key="and" text="i"/>
<gentext key="by" text=""/>
<gentext key="Edited" text="Edited"/>   
<gentext key="edited" text="Edited"/>   
<gentext key="Editedby" text="Redakcja: "/>
<gentext key="editedby" text="Redakcja: "/>
<gentext key="in" text="w"/>
<gentext key="lastlistcomma" text=","/>
<gentext key="listcomma" text=","/>
<gentext key="notes" text="Przypisy"/>
<gentext key="Notes" text="Przypisy"/>
<gentext key="Pgs" text="stron"/>
<gentext key="pgs" text="stron"/>
<gentext key="Revisedby" text="Revised by: "/> 
<gentext key="revisedby" text="Revised by: "/> 
<gentext key="TableNotes" text="Przypisy"/>
<gentext key="tablenotes" text="Przypisy"/>
<gentext key="TableofContents" text="Spis tre&#347;ci"/>
<gentext key="tableofcontents" text="Spis tre&#347;ci"/>
<gentext key="unexpectedelementname" text="Unexpected element name"/>
<gentext key="unsupported" text="nie wspierany"/>
<gentext key="xrefto" text="xref to"/>

<gentext key="listofequations" text="Spis r&#243;wna&#324;"/>
<gentext key="ListofEquations" text="Spis r&#243;wna&#324;"/>
<gentext key="ListofExamples" text="Spis przyk&#322;ad&#243;w"/>
<gentext key="listofexamples" text="Spis przyk&#322;ad&#243;w"/>
<gentext key="ListofFigures" text="Spis rysunk&#243;w"/>
<gentext key="listoffigures" text="Spis rysunk&#243;w"/>
<gentext key="listoftables" text="Spis tabel"/>
<gentext key="ListofTables" text="Spis tabel"/>
<gentext key="ListofUnknown" text="Spis ???"/>
<gentext key="listofunknown" text="Spis ???"/>

<gentext key="nav-home" text="Spis tre&#347;ci"/>
<gentext key="nav-next" text="Nast&#281;pny"/>
<gentext key="nav-next-sibling" text="Nast&#281;pny rozdzia&#322;"/>
<gentext key="nav-prev" text="Poprzedni"/>
<gentext key="nav-prev-sibling" text="Poprzedni rozdzia&#322;"/>
<gentext key="nav-up" text="Pocz&#261;tek rozdzia&#322;u"/>

<gentext key="sectioncalled" text="the section called"/> 
<gentext key="Draft" text="Draft"/> 
<gentext key="above" text="above"/> 
<gentext key="below" text="below"/> 
<gentext key="index symbols" text="Symbols"/> 
<gentext key="writing-mode" text="lr-tb"/>

<gentext key="lowercase.alpha" text="a&#261;bc&#263;de&#281;fghijkl&#322;mn&#324;o&#243;pqrs&#347;tuvwxyz&#378;&#380;"/>        
<gentext key="uppercase.alpha" text="A&#260;BC&#262;DE&#280;FGHIJKL&#321;MN&#323;O&#211;PQRS&#346;TUVWXYZ&#377;&#379;"/>

<dingbat key="startquote" text="&#8222;"/>
<dingbat key="endquote" text="&#8221;"/>
<dingbat key="nestedstartquote" text="&#171;"/>
<dingbat key="nestedendquote" text="&#187;"/>
<dingbat key="bullet" text="&#2022;"/>

<context name="styles">

<template name="person-name">first-last</template>

</context>

<context name="title">

<template name="abstract">%t</template>
<template name="answer">%t</template>
<template name="appendix"><Appendix/> %n. %t</template>
<template name="article">%t</template>
<template name="authorblurb">%t</template>
<template name="bibliodiv">%t</template>
<template name="biblioentry">%t</template>
<template name="bibliography">%t</template>
<template name="bibliomixed">%t</template>
<template name="bibliomset">%t</template>
<template name="biblioset">%t</template>
<template name="blockquote">%t</template>
<template name="book">%t</template>
<template name="calloutlist">%t</template>
<template name="caution">%t</template>
<template name="chapter"><Chapter/> %n. %t</template>
<template name="colophon">%t</template>
<template name="dedication">%t</template>
<template name="equation"><Equation/> %n. %t</template>
<template name="example"><Example/> %n. %t</template>
<template name="figure"><Figure/> %n. %t</template>
<template name="formalpara">%t</template>
<template name="glossary">%t</template>
<template name="glossdiv">%t</template>
<template name="important">%t</template>
<template name="index">%t</template>
<template name="indexdiv">%t</template>
<template name="itemizedlist">%t</template>
<template name="legalnotice">%t</template>
<template name="listitem"/>
<template name="lot">%t</template>
<template name="msg">%t</template>
<template name="msgexplan">%t</template>
<template name="msgmain">%t</template>
<template name="msgrel">%t</template>
<template name="msgset">%t</template>
<template name="msgsub">%t</template>
<template name="note">%t</template>
<template name="orderedlist">%t</template>
<template name="part"><Part/> %n. %t</template>
<template name="partintro">%t</template>
<template name="preface">%t</template>
<template name="procedure">%t</template>
<template name="procedure.formal"><Procedure/>&#160;%n.&#160;%t</template>
<template name="productionset">%t</template>
<template name="productionset.formal"><ProductionSet/>&#160;%n</template>
<template name="qandadiv">%t</template>
<template name="qandaentry">%t</template>
<template name="qandaset">%t</template>
<template name="question">%t</template>
<template name="refentry">%t</template>
<template name="reference">%t</template>
<template name="refsection">%t</template>
<template name="refsect1">%t</template>
<template name="refsect2">%t</template>
<template name="refsect3">%t</template>
<template name="refsynopsisdiv">%t</template>
<template name="refsynopsisdivinfo">%t</template>
<template name="segmentedlist">%t</template>
<template name="set">%t</template>
<template name="setindex">%t</template>
<template name="sidebar">%t</template>
<template name="step">%t</template>
<template name="table"><Table/> %n. %t</template>
<template name="tip">%t</template>
<template name="toc">%t</template>
<template name="variablelist">%t</template>
<template name="warning">%t</template>

</context>

<context name="title-unnumbered">

<template name="appendix">%t</template>
<template name="bridgehead">%t</template>
<template name="chapter">%t</template>
<template name="sect1">%t</template>
<template name="sect2">%t</template>
<template name="sect3">%t</template>
<template name="sect4">%t</template>
<template name="sect5">%t</template>
<template name="section">%t</template>
<template name="simplesect">%t</template>

</context>

<context name="title-numbered">

<template name="appendix"><Appendix/> %n. %t</template>
<template name="bridgehead">%t</template>
<template name="chapter"><Chapter/> %n. %t</template>
<template name="part"><Part/>&#160;%n.&#160;%t</template>
<template name="sect1">%n. %t</template>
<template name="sect2">%n. %t</template>
<template name="sect3">%n. %t</template>
<template name="sect4">%n. %t</template>
<template name="sect5">%n. %t</template>
<template name="section">%n. %t</template>
<template name="simplesect">%n. %t</template>

</context>

<context name="subtitle">

<template name="appendix">%s</template>
<template name="article">%s</template>
<template name="bibliodiv">%s</template>
<template name="biblioentry">%s</template>
<template name="bibliography">%s</template>
<template name="bibliomixed">%s</template>
<template name="bibliomset">%s</template>
<template name="biblioset">%s</template>
<template name="book">%s</template>
<template name="chapter">%s</template>
<template name="colophon">%s</template>
<template name="dedication">%s</template>
<template name="glossary">%s</template>
<template name="glossdiv">%s</template>
<template name="index">%s</template>
<template name="indexdiv">%s</template>
<template name="lot">%s</template>
<template name="part">%s</template>
<template name="partintro">%s</template>
<template name="preface">%s</template>
<template name="refentry">%s</template>
<template name="reference">%s</template>
<template name="refsection">%s</template>
<template name="refsect1">%s</template>
<template name="refsect2">%s</template>
<template name="refsect3">%s</template>
<template name="refsynopsisdiv">%s</template>
<template name="sect1">%s</template>
<template name="sect2">%s</template>
<template name="sect3">%s</template>
<template name="sect4">%s</template>
<template name="sect5">%s</template>
<template name="section">%s</template>
<template name="set">%s</template>
<template name="setindex">%s</template>
<template name="sidebar">%s</template>
<template name="simplesect">%s</template>
<template name="toc">%s</template>

</context>

<context name="xref">
<template name="abstract">%t</template>
<template name="answer"><Answer/>&#160;%n</template>
<template name="appendix">%t</template>
<template name="article">%t</template>
<template name="authorblurb">%t</template>
<template name="bibliodiv">%t</template>
<template name="bibliography">%t</template>
<template name="bibliomset">%t</template>
<template name="biblioset">%t</template>
<template name="blockquote">%t</template>
<template name="book">%t</template>
<template name="calloutlist">%t</template>
<template name="caution">%t</template>
<template name="chapter">%t</template>
<template name="colophon">%t</template>
<template name="constraintdef">%t</template>
<template name="dedication">%t</template>
<template name="equation">%t</template>
<template name="example">%t</template>
<template name="figure">%t</template>
<template name="formalpara">%t</template>
<template name="glossary">%t</template>
<template name="glossdiv">%t</template>
<template name="important">%t</template>
<template name="index">%t</template>
<template name="indexdiv">%t</template>
<template name="itemizedlist">%t</template>
<template name="legalnotice">%t</template>
<template name="listitem">%n</template>
<template name="lot">%t</template>
<template name="msg">%t</template>
<template name="msgexplan">%t</template>
<template name="msgmain">%t</template>
<template name="msgrel">%t</template>
<template name="msgset">%t</template>
<template name="msgsub">%t</template>
<template name="note">%t</template>
<template name="orderedlist">%t</template>
<template name="part">%t</template>
<template name="partintro">%t</template>
<template name="preface">%t</template>
<template name="procedure">%t</template>
<template name="productionset">%t</template>
<template name="qandadiv">%t</template>
<template name="qandaentry"><Question/>&#160;%n</template>
<template name="qandaset">%t</template>
<template name="question"><Question/>&#160;%n</template>
<template name="reference">%t</template>
<template name="refsynopsisdiv">%t</template>
<template name="segmentedlist">%t</template>
<template name="set">%t</template>
<template name="setindex">%t</template>
<template name="sidebar">%t</template>
<template name="table">%t</template>
<template name="tip">%t</template>
<template name="toc">%t</template>
<template name="variablelist">%t</template>
<template name="varlistentry">%n</template>
<template name="warning">%t</template>
<template name="page.citation"> [%p]</template>

<template name="bridgehead"><startquote/>%t<endquote/></template>
<template name="refsection"><startquote/>%t<endquote/></template>
<template name="refsect1"><startquote/>%t<endquote/></template>
<template name="refsect2"><startquote/>%t<endquote/></template>
<template name="refsect3"><startquote/>%t<endquote/></template>
<template name="sect1"><startquote/>%t<endquote/></template>
<template name="sect2"><startquote/>%t<endquote/></template>
<template name="sect3"><startquote/>%t<endquote/></template>
<template name="sect4"><startquote/>%t<endquote/></template>
<template name="sect5"><startquote/>%t<endquote/></template>
<template name="section"><startquote/>%t<endquote/></template>
<template name="simplesect"><startquote/>%t<endquote/></template>

</context>

<context name="xref-number">

<template name="answer"><Answer/>&#160;%n</template>
<template name="appendix"><Appendix/>&#160;%n</template>
<template name="bridgehead"><Section/>&#160;%n</template>
<template name="chapter"><Chapter/>&#160;%n</template>
<template name="equation"><Equation/>&#160;%n</template>
<template name="example"><Example/>&#160;%n</template>
<template name="figure"><Figure/>&#160;%n</template>
<template name="part"><Part/>&#160;%n</template>
<template name="procedure"><Procedure/>&#160;%n</template>
<template name="productionset"><ProductionSet/>&#160;%n</template>
<template name="qandadiv"><Qandadiv/>&#160;%n</template>
<template name="qandaentry"><Question/>&#160;%n</template>
<template name="question"><Question/>&#160;%n</template>
<template name="sect1"><Section/>&#160;%n</template>
<template name="sect2"><Section/>&#160;%n</template>
<template name="sect3"><Section/>&#160;%n</template>
<template name="sect4"><Section/>&#160;%n</template>
<template name="sect5"><Section/>&#160;%n</template>
<template name="section"><Section/>&#160;%n</template>
<template name="table"><Table/>&#160;%n</template>

</context>

<context name="xref-number-and-title">

<template name="appendix"><Appendix/>&#160;%n, %t</template>
<template name="bridgehead"><Section/>&#160;%n, <startquote/>%t<endquote/></template>
<template name="chapter"><Chapter/>&#160;%n, %t</template>
<template name="equation"><Equation/>&#160;%n, <startquote/>%t<endquote/></template>
<template name="example"><Example/>&#160;%n, <startquote/>%t<endquote/></template>
<template name="figure"><Figure/>&#160;%n, <startquote/>%t<endquote/></template>
<template name="part"><Part/>&#160;%n, <startquote/>%t<endquote/></template>
<template name="procedure"><Procedure/>&#160;%n, <startquote/>%t<endquote/></template>
<template name="productionset"><ProductionSet/>&#160;%n, <startquote/>%t<endquote/></template>
<template name="qandadiv"><Qandadiv/>&#160;%n, <startquote/>%t<endquote/></template>
<template name="refsect1"><sectioncalled/> <startquote/>%t<endquote/></template>
<template name="refsect2"><sectioncalled/> <startquote/>%t<endquote/></template>
<template name="refsect3"><sectioncalled/> <startquote/>%t<endquote/></template>
<template name="refsection"><sectioncalled/> <startquote/>%t<endquote/></template>
<template name="sect1"><Section/>&#160;%n, <startquote/>%t<endquote/></template>
<template name="sect2"><Section/>&#160;%n, <startquote/>%t<endquote/></template>
<template name="sect3"><Section/>&#160;%n, <startquote/>%t<endquote/></template>
<template name="sect4"><Section/>&#160;%n, <startquote/>%t<endquote/></template>
<template name="sect5"><Section/>&#160;%n, <startquote/>%t<endquote/></template>
<template name="section"><Section/>&#160;%n, <startquote/>%t<endquote/></template>
<template name="simplesect"><sectioncalled/> <startquote/>%t<endquote/></template>
<template name="table"><Table/>&#160;%n, <startquote/>%t<endquote/></template>

</context>

<context name="authorgroup">
<template name="sep"><listcomma/> </template>
<template name="sep2"> <and/> </template>
<template name="seplast"><lastlistcomma/> <and/> </template>
</context>

<context name="glossary">
<template name="see"><GlossSee/> %t.</template>
<template name="seealso"><GlossSeeAlso/> %t.</template>
<template name="seealso-separator">, </template>
</context>

<context name="msgset">
<template name="MsgAud"><MsgAud/>: </template>
<template name="MsgLevel"><MsgLevel/>: </template>
<template name="MsgOrig"><MsgOrig/>: </template>
</context>

<context name="htmlhelp">
<template name="langcode">0x0415 Polish</template>
</context>

</locale>