<locale language="uk" english-language-name="Ukrainian">

<info xmlns="http://docbook.org/ns/docbook">

<authorgroup>
  <author><personname><firstname>Olexij</firstname><surname>Tkatchenko</surname></personname>
  <email>ot@parcs.de</email>
          
  </author>
</authorgroup>

</info>


<gentext key="Abstract" text="&#1040;&#1085;&#1086;&#1090;&#1072;&#1094;&#1110;&#1103;"/>
<gentext key="abstract" text="&#1040;&#1085;&#1086;&#1090;&#1072;&#1094;&#1110;&#1103;"/>
<gentext key="Answer" text="&#1042;:"/>
<gentext key="answer" text="&#1074;:"/>
<gentext key="Appendix" text="&#1044;&#1086;&#1076;&#1072;&#1090;&#1086;&#1082;"/>
<gentext key="appendix" text="&#1076;&#1086;&#1076;&#1072;&#1090;&#1086;&#1082;"/>
<gentext key="Appendix.abr" text="&#1044;&#1086;&#1076;."/>
<gentext key="appendix.abr" text="&#1076;&#1086;&#1076;."/>
<gentext key="Article" text="&#1057;&#1090;&#1072;&#1090;&#1090;&#1103;"/>
<gentext key="article" text="&#1089;&#1090;&#1072;&#1090;&#1090;&#1103;"/>
<gentext key="Audience" text="&#1040;&#1091;&#1076;&#1080;&#1090;&#1086;&#1088;&#1110;&#1103;"/>
<gentext key="audience" text="&#1040;&#1091;&#1076;&#1080;&#1090;&#1086;&#1088;&#1110;&#1103;"/>
<gentext key="Bibliography" text="&#1051;&#1110;&#1090;&#1077;&#1088;&#1072;&#1090;&#1091;&#1088;&#1072;"/>
<gentext key="bibliography" text="&#1083;&#1110;&#1090;&#1077;&#1088;&#1072;&#1090;&#1091;&#1088;&#1072;"/>
<gentext key="Book" text="&#1050;&#1085;&#1080;&#1075;&#1072;"/>
<gentext key="book" text="&#1082;&#1085;&#1080;&#1075;&#1072;"/>
<gentext key="CAUTION" text="&#1047;&#1040;&#1057;&#1058;&#1045;&#1056;&#1045;&#1046;&#1045;&#1053;&#1053;&#1071;"/>
<gentext key="Caution" text="&#1047;&#1072;&#1089;&#1090;&#1077;&#1088;&#1077;&#1078;&#1077;&#1085;&#1085;&#1103;"/>
<gentext key="caution" text="&#1079;&#1072;&#1089;&#1090;&#1077;&#1088;&#1077;&#1078;&#1077;&#1085;&#1085;&#1103;"/>
<gentext key="Chapter" text="&#1056;&#1086;&#1079;&#1076;&#1110;&#1083;"/>
<gentext key="chapter" text="&#1088;&#1086;&#1079;&#1076;&#1110;&#1083;"/>
<gentext key="Chapter.abr" text="&#1056;&#1086;&#1079;&#1076;."/>
<gentext key="chapter.abr" text="&#1088;&#1086;&#1079;&#1076;."/>
<gentext key="Colophon" text="&#1042;&#1080;&#1093;&#1110;&#1076;&#1085;&#1110; &#1074;&#1110;&#1076;&#1086;&#1084;&#1086;&#1089;&#1090;&#1110;"/>
<gentext key="colophon" text="&#1042;&#1080;&#1093;&#1110;&#1076;&#1085;&#1110; &#1074;&#1110;&#1076;&#1086;&#1084;&#1086;&#1089;&#1090;&#1110;"/>
<gentext key="Copyright" text="&#1040;&#1074;&#1090;&#1086;&#1088;&#1089;&#1100;&#1082;&#1077; &#1087;&#1088;&#1072;&#1074;&#1086;"/>
<gentext key="copyright" text="&#1072;&#1074;&#1090;&#1086;&#1088;&#1089;&#1100;&#1082;&#1077; &#1087;&#1088;&#1072;&#1074;&#1086;"/>
<gentext key="Dedication" text="&#1055;&#1088;&#1080;&#1089;&#1074;&#1103;&#1090;&#1072;"/>
<gentext key="dedication" text="&#1087;&#1088;&#1080;&#1089;&#1074;&#1103;&#1090;&#1072;"/>
<gentext key="Edition" text="&#1042;&#1080;&#1076;&#1072;&#1085;&#1085;&#1103;"/>
<gentext key="edition" text="&#1074;&#1080;&#1076;&#1072;&#1085;&#1085;&#1103;"/>
<gentext key="Equation" text="&#1060;&#1086;&#1088;&#1084;&#1091;&#1083;&#1072;"/>
<gentext key="equation" text="&#1060;&#1086;&#1088;&#1084;&#1091;&#1083;&#1072;"/>
<gentext key="Equation.abr" text="&#1060;."/>
<gentext key="equation.abr" text="&#1092;."/>
<gentext key="Example" text="&#1055;&#1088;&#1080;&#1082;&#1083;&#1072;&#1076;"/>
<gentext key="example" text="&#1087;&#1088;&#1080;&#1082;&#1083;&#1072;&#1076;"/>
<gentext key="Example.abr" text="&#1055;&#1088;&#1080;&#1082;&#1083;."/>
<gentext key="example.abr" text="&#1087;&#1088;&#1080;&#1082;&#1083;."/>
<gentext key="Figure" text="&#1056;&#1080;&#1089;&#1091;&#1085;&#1086;&#1082;"/>
<gentext key="figure" text="&#1056;&#1080;&#1089;&#1091;&#1085;&#1086;&#1082;"/>
<gentext key="Figure.abr" text="&#1056;&#1080;&#1089;."/>
<gentext key="figure.abr" text="&#1056;&#1080;&#1089;."/>
<gentext key="Glossary" text="&#1043;&#1083;&#1086;&#1089;&#1072;&#1088;&#1110;&#1081;"/>
<gentext key="glossary" text="&#1075;&#1083;&#1086;&#1089;&#1072;&#1088;&#1110;&#1081;"/>
<gentext key="GlossSee" text="&#1044;&#1080;&#1074;."/>
<gentext key="glosssee" text="&#1076;&#1080;&#1074;."/>
<gentext key="GlossSeeAlso" text="&#1044;&#1080;&#1074;. &#1090;&#1072;&#1082;&#1086;&#1078;"/>
<gentext key="glossSeeAlso" text="&#1076;&#1080;&#1074;. &#1090;&#1072;&#1082;&#1086;&#1078;"/>
<gentext key="glossseealso" text="&#1076;&#1080;&#1074;. &#1090;&#1072;&#1082;&#1086;&#1078;"/>
<gentext key="IMPORTANT" text="&#1042;&#1040;&#1046;&#1051;&#1048;&#1042;&#1054;"/>
<gentext key="Important" text="&#1042;&#1072;&#1078;&#1083;&#1080;&#1074;&#1086;"/>
<gentext key="important" text="&#1074;&#1072;&#1078;&#1083;&#1080;&#1074;&#1086;"/>
<gentext key="Index" text="&#1055;&#1086;&#1082;&#1072;&#1078;&#1095;&#1080;&#1082;"/>
<gentext key="index" text="&#1087;&#1086;&#1082;&#1072;&#1078;&#1095;&#1080;&#1082;"/>
<gentext key="ISBN" text="ISBN"/>
<gentext key="isbn" text="ISBN"/> 
<gentext key="LegalNotice" text="&#1055;&#1088;&#1072;&#1074;&#1086;&#1074;&#1072; &#1087;&#1088;&#1080;&#1084;&#1110;&#1090;&#1082;&#1072;"/>
<gentext key="legalnotice" text="&#1087;&#1088;&#1072;&#1074;&#1086;&#1074;&#1072; &#1087;&#1088;&#1080;&#1084;&#1110;&#1090;&#1082;&#1072;"/>
<gentext key="Level" text="&#1056;&#1110;&#1074;&#1077;&#1085;&#1100;"/>
<gentext key="level" text="&#1088;&#1110;&#1074;&#1077;&#1085;&#1100;"/>
<gentext key="MsgAud" text="&#1040;&#1091;&#1076;&#1080;&#1090;&#1086;&#1088;&#1110;&#1103;"/>
<gentext key="msgaud" text="&#1072;&#1091;&#1076;&#1080;&#1090;&#1086;&#1088;&#1110;&#1103;"/>
<gentext key="MsgLevel" text="&#1056;&#1110;&#1074;&#1077;&#1085;&#1100;"/>
<gentext key="msglevel" text="&#1088;&#1110;&#1074;&#1077;&#1085;&#1100;"/>
<gentext key="MsgOrig" text="&#1044;&#1078;&#1077;&#1088;&#1077;&#1083;&#1086;"/>
<gentext key="msgorig" text="&#1076;&#1078;&#1077;&#1088;&#1077;&#1083;&#1086;"/>
<gentext key="Name" text="&#1030;&#1084;&#8217;&#1103;"/>
<gentext key="name" text="&#1110;&#1084;&#8217;&#1103;"/>
<gentext key="NOTE" text="&#1055;&#1056;&#1048;&#1052;&#1030;&#1058;&#1050;&#1040;"/>
<gentext key="Note" text="&#1055;&#1088;&#1080;&#1084;&#1110;&#1090;&#1082;&#1072;"/>
<gentext key="note" text="&#1087;&#1088;&#1080;&#1084;&#1110;&#1090;&#1082;&#1072;"/>
<gentext key="Origin" text="&#1044;&#1078;&#1077;&#1088;&#1077;&#1083;&#1086;"/>
<gentext key="origin" text="&#1076;&#1078;&#1077;&#1088;&#1077;&#1083;&#1086;"/>
<gentext key="Part" text="&#1063;&#1072;&#1089;&#1090;&#1080;&#1085;&#1072;"/>
<gentext key="part" text="&#1095;&#1072;&#1089;&#1090;&#1080;&#1085;&#1072;"/>
<gentext key="Part.abr" text="&#1063;."/>
<gentext key="part.abr" text="&#1095;."/>
<gentext key="Preface" text="&#1055;&#1077;&#1088;&#1077;&#1076;&#1084;&#1086;&#1074;&#1072;"/>
<gentext key="preface" text="&#1087;&#1077;&#1088;&#1077;&#1076;&#1084;&#1086;&#1074;&#1072;"/>
<gentext key="Procedure" text="&#1055;&#1088;&#1086;&#1094;&#1077;&#1076;&#1091;&#1088;&#1072;"/>
<gentext key="procedure" text="&#1055;&#1088;&#1086;&#1094;&#1077;&#1076;&#1091;&#1088;&#1072;"/>
<gentext key="Procedure.abr" text="&#1055;&#1088;&#1086;&#1094;."/>
<gentext key="procedure.abr" text="&#1055;&#1088;&#1086;&#1094;."/>
<gentext key="ProductionSet" text="Production"/> 
<gentext key="Published" text="&#1054;&#1087;&#1091;&#1073;&#1083;&#1110;&#1082;&#1086;&#1074;&#1072;&#1085;&#1086;"/>
<gentext key="published" text="&#1086;&#1087;&#1091;&#1073;&#1083;&#1110;&#1082;&#1086;&#1074;&#1072;&#1085;&#1086;"/>
<gentext key="Qandadiv" text="&#1055; &#1110; &#1042;"/>
<gentext key="qandadiv" text="&#1055; &#1110; &#1042;"/>
<gentext key="Question" text="&#1055;:"/>
<gentext key="question" text="&#1087;:"/>
<gentext key="RefEntry" text=""/>
<gentext key="refentry" text=""/>
<gentext key="Reference" text="&#1055;&#1086;&#1089;&#1080;&#1083;&#1072;&#1085;&#1085;&#1103;"/>
<gentext key="reference" text="&#1087;&#1086;&#1089;&#1080;&#1083;&#1072;&#1085;&#1085;&#1103;"/>
<gentext key="RefName" text="&#1053;&#1072;&#1079;&#1074;&#1072;"/>
<gentext key="refname" text="&#1085;&#1072;&#1079;&#1074;&#1072;"/>
<gentext key="RefSection" text=""/>
<gentext key="refsection" text=""/>
<gentext key="RefSynopsisDiv" text="&#1050;&#1086;&#1088;&#1086;&#1090;&#1082;&#1080;&#1081; &#1086;&#1075;&#1083;&#1103;&#1076;"/>
<gentext key="refsynopsisdiv" text="&#1082;&#1086;&#1088;&#1086;&#1090;&#1082;&#1080;&#1081; &#1086;&#1075;&#1083;&#1103;&#1076;"/>
<gentext key="RevHistory" text="&#1054;&#1087;&#1080;&#1089; &#1079;&#1084;&#1110;&#1085;"/>
<gentext key="revhistory" text="&#1086;&#1087;&#1080;&#1089; &#1079;&#1084;&#1110;&#1085;"/>
<gentext key="Revision" text="&#1042;&#1077;&#1088;&#1089;&#1110;&#1103;"/>
<gentext key="revision" text="&#1074;&#1077;&#1088;&#1089;&#1110;&#1103;"/>
<gentext key="sect1" text="Section"/> 
<gentext key="sect2" text="Section"/> 
<gentext key="sect3" text="Section"/> 
<gentext key="sect4" text="Section"/> 
<gentext key="sect5" text="Section"/> 
<gentext key="Section" text="&#1055;&#1072;&#1088;&#1072;&#1075;&#1088;&#1072;&#1092;"/>
<gentext key="section" text="&#1087;&#1072;&#1088;&#1072;&#1075;&#1088;&#1072;&#1092;"/>
<gentext key="Section.abr" text="&#1055;&#1072;&#1088;."/>
<gentext key="section.abr" text="&#1087;&#1072;&#1088;."/>
<gentext key="See" text="&#1044;&#1080;&#1074;."/>
<gentext key="see" text="&#1076;&#1080;&#1074;."/>
<gentext key="SeeAlso" text="&#1044;&#1080;&#1074;. &#1090;&#1072;&#1082;&#1086;&#1078;"/>
<gentext key="Seealso" text="&#1044;&#1080;&#1074;. &#1090;&#1072;&#1082;&#1086;&#1078;"/>
<gentext key="seealso" text="&#1076;&#1080;&#1074;. &#1090;&#1072;&#1082;&#1086;&#1078;"/>
<gentext key="Set" text="&#1042;&#1080;&#1073;&#1110;&#1088;&#1082;&#1072;"/>
<gentext key="set" text="&#1074;&#1080;&#1073;&#1110;&#1088;&#1082;&#1072;"/>
<gentext key="SetIndex" text="&#1030;&#1085;&#1076;&#1077;&#1082;&#1089; &#1074;&#1080;&#1073;&#1110;&#1088;&#1082;&#1080;"/>
<gentext key="setindex" text="&#1110;&#1085;&#1076;&#1077;&#1082;&#1089; &#1074;&#1080;&#1073;&#1110;&#1088;&#1082;&#1080;"/>
<gentext key="Sidebar" text="&#1041;&#1086;&#1082;&#1086;&#1074;&#1080;&#1085;&#1072;"/>
<gentext key="sidebar" text="&#1073;&#1086;&#1082;&#1086;&#1074;&#1080;&#1085;&#1072;"/>
<gentext key="Step" text="&#1050;&#1088;&#1086;&#1082;"/>
<gentext key="step" text="&#1082;&#1088;&#1086;&#1082;"/>
<gentext key="Table" text="&#1058;&#1072;&#1073;&#1083;&#1080;&#1094;&#1103;"/>
<gentext key="table" text="&#1090;&#1072;&#1073;&#1083;&#1080;&#1094;&#1103;"/>
<gentext key="Table.abr" text="&#1058;&#1072;&#1073;&#1083;."/>
<gentext key="table.abr" text="&#1090;&#1072;&#1073;&#1083;."/>
<gentext key="TIP" text="&#1055;&#1030;&#1044;&#1050;&#1040;&#1047;&#1050;&#1040;"/>
<gentext key="Tip" text="&#1055;&#1110;&#1076;&#1082;&#1072;&#1079;&#1082;&#1072;"/>
<gentext key="tip" text="&#1087;&#1110;&#1076;&#1082;&#1072;&#1079;&#1082;&#1072;"/>
<gentext key="WARNING" text="&#1047;&#1040;&#1057;&#1058;&#1045;&#1056;&#1045;&#1046;&#1045;&#1053;&#1053;&#1071;"/>
<gentext key="Warning" text="&#1047;&#1072;&#1089;&#1090;&#1077;&#1088;&#1077;&#1078;&#1077;&#1085;&#1085;&#1103;"/>
<gentext key="warning" text="&#1079;&#1072;&#1089;&#1090;&#1077;&#1088;&#1077;&#1078;&#1077;&#1085;&#1085;&#1103;"/>

<gentext key="and" text=""/> 
<gentext key="by" text=""/>
<gentext key="called" text=""/>
<gentext key="edited" text="&#1079;&#1072; &#1088;&#1077;&#1076;&#1072;&#1082;&#1094;&#1110;&#1111;"/>
<gentext key="Edited" text="&#1047;&#1072; &#1088;&#1077;&#1076;&#1072;&#1082;&#1094;&#1110;&#1111;"/>
<gentext key="Editedby" text="&#1047;&#1072; &#1088;&#1077;&#1076;&#1072;&#1082;&#1094;&#1110;&#1111;"/>
<gentext key="editedby" text="&#1079;&#1072; &#1088;&#1077;&#1076;&#1072;&#1082;&#1094;&#1110;&#1111;"/>
<gentext key="in" text="&#1091;"/>
<gentext key="TableofContents" text="&#1047;&#1084;&#1110;&#1089;&#1090;"/>
<gentext key="tableofcontents" text="&#1079;&#1084;&#1110;&#1089;&#1090;"/>
<gentext key="lastlistcomma" text="."/>
<gentext key="listcomma" text=","/>
<gentext key="Notes" text="&#1055;&#1088;&#1080;&#1084;&#1110;&#1090;&#1082;&#1080;"/>
<gentext key="notes" text="&#1087;&#1088;&#1080;&#1084;&#1110;&#1090;&#1082;&#1080;"/>
<gentext key="TableNotes" text="&#1055;&#1088;&#1080;&#1084;&#1110;&#1090;&#1082;&#1080;"/>
<gentext key="tablenotes" text="&#1087;&#1088;&#1080;&#1084;&#1110;&#1090;&#1082;&#1080;"/>
<gentext key="pgs" text="&#1089;&#1090;&#1086;&#1088;."/>
<gentext key="Pgs" text="&#1057;&#1090;&#1086;&#1088;."/>
<gentext key="Revisedby" text="&#1050;&#1086;&#1088;&#1077;&#1082;&#1090;&#1091;&#1088;&#1072;:"/>
<gentext key="revisedby" text="&#1082;&#1086;&#1088;&#1077;&#1082;&#1090;&#1091;&#1088;&#1072;:"/>
<gentext key="the" text=""/>
<gentext key="unexpectedelementname" text="&#1085;&#1077;&#1086;&#1095;&#1110;&#1082;&#1091;&#1074;&#1072;&#1085;&#1072; &#1085;&#1072;&#1079;&#1074;&#1072; &#1077;&#1083;&#1077;&#1084;&#1077;&#1085;&#1090;&#1072;"/>
<gentext key="unsupported" text="&#1085;&#1077; &#1087;&#1110;&#1076;&#1090;&#1088;&#1080;&#1084;&#1091;&#1108;&#1090;&#1100;&#1089;&#1103;"/>
<gentext key="xrefto" text="xref to"/>

<gentext key="listofequations" text="&#1089;&#1087;&#1080;&#1089;&#1086;&#1082; &#1092;&#1086;&#1088;&#1084;&#1091;&#1083;"/>
<gentext key="ListofEquations" text="&#1057;&#1087;&#1080;&#1089;&#1086;&#1082; &#1092;&#1086;&#1088;&#1084;&#1091;&#1083;"/>
<gentext key="ListofExamples" text="&#1057;&#1087;&#1080;&#1089;&#1086;&#1082; &#1087;&#1088;&#1080;&#1082;&#1083;&#1072;&#1076;&#1110;&#1074;"/>
<gentext key="listofexamples" text="&#1089;&#1087;&#1080;&#1089;&#1086;&#1082; &#1087;&#1088;&#1080;&#1082;&#1083;&#1072;&#1076;&#1110;&#1074;"/>
<gentext key="ListofFigures" text="&#1057;&#1087;&#1080;&#1089;&#1086;&#1082; &#1110;&#1083;&#1102;&#1089;&#1090;&#1088;&#1072;&#1094;&#1110;&#1081;"/>
<gentext key="listoffigures" text="&#1057;&#1087;&#1080;&#1089;&#1086;&#1082; &#1110;&#1083;&#1102;&#1089;&#1090;&#1088;&#1072;&#1094;&#1110;&#1081;"/>
<gentext key="listoftables" text="&#1089;&#1087;&#1080;&#1089;&#1086;&#1082; &#1090;&#1072;&#1073;&#1083;&#1080;&#1094;&#1100;"/>
<gentext key="ListofTables" text="&#1057;&#1087;&#1080;&#1089;&#1086;&#1082; &#1090;&#1072;&#1073;&#1083;&#1080;&#1094;&#1100;"/>
<gentext key="ListofUnknown" text="&#1053;&#1077;&#1074;&#1080;&#1079;&#1085;&#1072;&#1095;&#1077;&#1085;&#1080;&#1081; &#1089;&#1087;&#1080;&#1089;&#1086;&#1082;"/>
<gentext key="listofunknown" text="&#1085;&#1077;&#1074;&#1080;&#1079;&#1085;&#1072;&#1095;&#1077;&#1085;&#1080;&#1081; &#1089;&#1087;&#1080;&#1089;&#1086;&#1082;"/>
<gentext key="nav-next" text="&#1076;&#1072;&#1083;&#1110;"/>
<gentext key="nav-next-sibling" text="&#1076;&#1072;&#1083;&#1110; &#1079;&#1072; &#1088;&#1110;&#1074;&#1085;&#1077;&#1084;"/>
<gentext key="nav-prev" text="&#1085;&#1072;&#1079;&#1072;&#1076;"/>
<gentext key="nav-prev-sibling" text="&#1085;&#1072;&#1079;&#1072;&#1076; &#1079;&#1072; &#1088;&#1110;&#1074;&#1085;&#1077;&#1084;"/>
<gentext key="x-nav-next" text="&#1076;&#1072;&#1083;&#1110;"/>
<gentext key="nav-home" text="&#1055;&#1086;&#1095;&#1072;&#1090;&#1086;&#1082;"/>
<gentext key="nav-up" text="&#1044;&#1086;&#1075;&#1086;&#1088;&#1080;"/>

<gentext key="sectioncalled" text="&#1088;&#1086;&#1079;&#1076;&#1110;&#1083; &#1079; &#1085;&#1072;&#1079;&#1074;&#1086;&#1102;"/>
<gentext key="Draft" text="&#1063;&#1077;&#1088;&#1085;&#1077;&#1090;&#1082;&#1072;"/>
<gentext key="above" text="&#1074;&#1080;&#1097;&#1077;"/>
<gentext key="below" text="&#1085;&#1080;&#1078;&#1095;&#1077;"/>
<gentext key="index symbols" text="&#1057;&#1080;&#1084;&#1074;&#1086;&#1083;&#1080;"/>
<gentext key="writing-mode" text="lr-tb"/>

<gentext key="lowercase.alpha" text="&#1072;&#1073;&#1074;&#1075;&#1169;&#1076;&#1077;&#1108;&#1078;&#1079;&#1080;&#1110;&#1111;&#1081;&#1082;&#1083;&#1084;&#1085;&#1086;&#1087;&#1088;&#1089;&#1090;&#1091;&#1092;&#1093;&#1094;&#1095;&#1096;&#1097;&#1100;&#1102;&#1103;"/>
<gentext key="uppercase.alpha" text="&#1040;&#1041;&#1042;&#1043;&#1168;&#1044;&#1045;&#1028;&#1046;&#1047;&#1048;&#1030;&#1031;&#1049;&#1050;&#1051;&#1052;&#1053;&#1054;&#1055;&#1056;&#1057;&#1058;&#1059;&#1060;&#1061;&#1062;&#1063;&#1064;&#1065;&#1068;&#1070;&#1071;"/>

<dingbat key="startquote" text="&#8220;"/>
<dingbat key="endquote" text="&#8221;"/>
<dingbat key="nestedstartquote" text="&#8216;"/>
<dingbat key="nestedendquote" text="&#8217;"/>
<dingbat key="bullet" text="&#8226;"/>

<context name="styles">

<template name="person-name">first-last</template>

</context>

<context name="title">

<template name="abstract">%t</template>
<template name="answer">%t</template>
<template name="appendix"><Appendix/> %n. %t</template>
<template name="article">%t</template>
<template name="authorblurb">%t</template>
<template name="bibliodiv">%t</template>
<template name="biblioentry">%t</template>
<template name="bibliography">%t</template>
<template name="bibliomixed">%t</template>
<template name="bibliomset">%t</template>
<template name="biblioset">%t</template>
<template name="blockquote">%t</template>
<template name="book">%t</template>
<template name="calloutlist">%t</template>
<template name="caution">%t</template>
<template name="chapter"><Chapter/> %n. %t</template>
<template name="colophon">%t</template>
<template name="dedication">%t</template>
<template name="equation"><Equation/> %n. %t</template>
<template name="example"><Example/> %n. %t</template>
<template name="figure"><Figure/> %n. %t</template>
<template name="formalpara">%t</template>
<template name="glossary">%t</template>
<template name="glossdiv">%t</template>
<template name="important">%t</template>
<template name="index">%t</template>
<template name="indexdiv">%t</template>
<template name="itemizedlist">%t</template>
<template name="legalnotice">%t</template>
<template name="listitem"/>
<template name="lot">%t</template>
<template name="msg">%t</template>
<template name="msgexplan">%t</template>
<template name="msgmain">%t</template>
<template name="msgrel">%t</template>
<template name="msgset">%t</template>
<template name="msgsub">%t</template>
<template name="note">%t</template>
<template name="orderedlist">%t</template>
<template name="part"><Part/> %n. %t</template>
<template name="partintro">%t</template>
<template name="preface">%t</template>
<template name="procedure">%t</template>
<template name="procedure.formal"><Procedure/>&#160;%n.&#160;%t</template>
<template name="productionset">%t</template>
<template name="productionset.formal"><ProductionSet/>&#160;%n</template>
<template name="qandadiv">%t</template>
<template name="qandaentry">%t</template>
<template name="qandaset">%t</template>
<template name="question">%t</template>
<template name="refentry">%t</template>
<template name="reference">%t</template>
<template name="refsection">%t</template>
<template name="refsect1">%t</template>
<template name="refsect2">%t</template>
<template name="refsect3">%t</template>
<template name="refsynopsisdiv">%t</template>
<template name="refsynopsisdivinfo">%t</template>
<template name="segmentedlist">%t</template>
<template name="set">%t</template>
<template name="setindex">%t</template>
<template name="sidebar">%t</template>
<template name="step">%t</template>
<template name="table"><Table/> %n. %t</template>
<template name="tip">%t</template>
<template name="toc">%t</template>
<template name="variablelist">%t</template>
<template name="warning">%t</template>

</context>

<context name="title-unnumbered">

<template name="appendix">%t</template>
<template name="bridgehead">%t</template>
<template name="chapter">%t</template>
<template name="sect1">%t</template>
<template name="sect2">%t</template>
<template name="sect3">%t</template>
<template name="sect4">%t</template>
<template name="sect5">%t</template>
<template name="section">%t</template>
<template name="simplesect">%t</template>

</context>

<context name="title-numbered">

<template name="appendix"><Appendix/> %n. %t</template>
<template name="bridgehead">%t</template>
<template name="chapter"><Chapter/> %n. %t</template>
<template name="part"><Part/>&#160;%n.&#160;%t</template>
<template name="sect1">%n. %t</template>
<template name="sect2">%n. %t</template>
<template name="sect3">%n. %t</template>
<template name="sect4">%n. %t</template>
<template name="sect5">%n. %t</template>
<template name="section">%n. %t</template>
<template name="simplesect">%n. %t</template>

</context>

<context name="subtitle">

<template name="appendix">%s</template>
<template name="article">%s</template>
<template name="bibliodiv">%s</template>
<template name="biblioentry">%s</template>
<template name="bibliography">%s</template>
<template name="bibliomixed">%s</template>
<template name="bibliomset">%s</template>
<template name="biblioset">%s</template>
<template name="book">%s</template>
<template name="chapter">%s</template>
<template name="colophon">%s</template>
<template name="dedication">%s</template>
<template name="glossary">%s</template>
<template name="glossdiv">%s</template>
<template name="index">%s</template>
<template name="indexdiv">%s</template>
<template name="lot">%s</template>
<template name="part">%s</template>
<template name="partintro">%s</template>
<template name="preface">%s</template>
<template name="refentry">%s</template>
<template name="reference">%s</template>
<template name="refsection">%s</template>
<template name="refsect1">%s</template>
<template name="refsect2">%s</template>
<template name="refsect3">%s</template>
<template name="refsynopsisdiv">%s</template>
<template name="sect1">%s</template>
<template name="sect2">%s</template>
<template name="sect3">%s</template>
<template name="sect4">%s</template>
<template name="sect5">%s</template>
<template name="section">%s</template>
<template name="set">%s</template>
<template name="setindex">%s</template>
<template name="sidebar">%s</template>
<template name="simplesect">%s</template>
<template name="toc">%s</template>

</context>

<context name="xref">
<template name="abstract">%t</template>
<template name="answer"><Answer/>&#160;%n</template>
<template name="appendix">%t</template>
<template name="article">%t</template>
<template name="authorblurb">%t</template>
<template name="bibliodiv">%t</template>
<template name="bibliography">%t</template>
<template name="bibliomset">%t</template>
<template name="biblioset">%t</template>
<template name="blockquote">%t</template>
<template name="book">%t</template>
<template name="calloutlist">%t</template>
<template name="caution">%t</template>
<template name="chapter">%t</template>
<template name="colophon">%t</template>
<template name="constraintdef">%t</template>
<template name="dedication">%t</template>
<template name="equation">%t</template>
<template name="example">%t</template>
<template name="figure">%t</template>
<template name="formalpara">%t</template>
<template name="glossary">%t</template>
<template name="glossdiv">%t</template>
<template name="important">%t</template>
<template name="index">%t</template>
<template name="indexdiv">%t</template>
<template name="itemizedlist">%t</template>
<template name="legalnotice">%t</template>
<template name="listitem">%n</template>
<template name="lot">%t</template>
<template name="msg">%t</template>
<template name="msgexplan">%t</template>
<template name="msgmain">%t</template>
<template name="msgrel">%t</template>
<template name="msgset">%t</template>
<template name="msgsub">%t</template>
<template name="note">%t</template>
<template name="orderedlist">%t</template>
<template name="part">%t</template>
<template name="partintro">%t</template>
<template name="preface">%t</template>
<template name="procedure">%t</template>
<template name="productionset">%t</template>
<template name="qandadiv">%t</template>
<template name="qandaentry"><Question/>&#160;%n</template>
<template name="qandaset">%t</template>
<template name="question"><Question/>&#160;%n</template>
<template name="reference">%t</template>
<template name="refsynopsisdiv">%t</template>
<template name="segmentedlist">%t</template>
<template name="set">%t</template>
<template name="setindex">%t</template>
<template name="sidebar">%t</template>
<template name="table">%t</template>
<template name="tip">%t</template>
<template name="toc">%t</template>
<template name="variablelist">%t</template>
<template name="varlistentry">%n</template>
<template name="warning">%t</template>
<template name="page.citation"> [%p]</template>

<template name="bridgehead"><startquote/>%t<endquote/></template>
<template name="refsection"><startquote/>%t<endquote/></template>
<template name="refsect1"><startquote/>%t<endquote/></template>
<template name="refsect2"><startquote/>%t<endquote/></template>
<template name="refsect3"><startquote/>%t<endquote/></template>
<template name="sect1"><startquote/>%t<endquote/></template>
<template name="sect2"><startquote/>%t<endquote/></template>
<template name="sect3"><startquote/>%t<endquote/></template>
<template name="sect4"><startquote/>%t<endquote/></template>
<template name="sect5"><startquote/>%t<endquote/></template>
<template name="section"><startquote/>%t<endquote/></template>
<template name="simplesect"><startquote/>%t<endquote/></template>

</context>

<context name="xref-number">

<template name="answer"><Answer/>&#160;%n</template>
<template name="appendix"><Appendix/>&#160;%n</template>
<template name="bridgehead"><Section/>&#160;%n</template>
<template name="chapter"><Chapter/>&#160;%n</template>
<template name="equation"><Equation/>&#160;%n</template>
<template name="example"><Example/>&#160;%n</template>
<template name="figure"><Figure/>&#160;%n</template>
<template name="part"><Part/>&#160;%n</template>
<template name="procedure"><Procedure/>&#160;%n</template>
<template name="productionset"><ProductionSet/>&#160;%n</template>
<template name="qandadiv"><Qandadiv/>&#160;%n</template>
<template name="qandaentry"><Question/>&#160;%n</template>
<template name="question"><Question/>&#160;%n</template>
<template name="sect1"><Section/>&#160;%n</template>
<template name="sect2"><Section/>&#160;%n</template>
<template name="sect3"><Section/>&#160;%n</template>
<template name="sect4"><Section/>&#160;%n</template>
<template name="sect5"><Section/>&#160;%n</template>
<template name="section"><Section/>&#160;%n</template>
<template name="table"><Table/>&#160;%n</template>

</context>

<context name="xref-number-and-title">

<template name="appendix"><Appendix/>&#160;%n, %t</template>
<template name="bridgehead"><Section/>&#160;%n, <startquote/>%t<endquote/></template>
<template name="chapter"><Chapter/>&#160;%n, %t</template>
<template name="equation"><Equation/>&#160;%n, <startquote/>%t<endquote/></template>
<template name="example"><Example/>&#160;%n, <startquote/>%t<endquote/></template>
<template name="figure"><Figure/>&#160;%n, <startquote/>%t<endquote/></template>
<template name="part"><Part/>&#160;%n, <startquote/>%t<endquote/></template>
<template name="procedure"><Procedure/>&#160;%n, <startquote/>%t<endquote/></template>
<template name="productionset"><ProductionSet/>&#160;%n, <startquote/>%t<endquote/></template>
<template name="qandadiv"><Qandadiv/>&#160;%n, <startquote/>%t<endquote/></template>
<template name="refsect1"><sectioncalled/> <startquote/>%t<endquote/></template>
<template name="refsect2"><sectioncalled/> <startquote/>%t<endquote/></template>
<template name="refsect3"><sectioncalled/> <startquote/>%t<endquote/></template>
<template name="refsection"><sectioncalled/> <startquote/>%t<endquote/></template>
<template name="sect1"><Section/>&#160;%n, <startquote/>%t<endquote/></template>
<template name="sect2"><Section/>&#160;%n, <startquote/>%t<endquote/></template>
<template name="sect3"><Section/>&#160;%n, <startquote/>%t<endquote/></template>
<template name="sect4"><Section/>&#160;%n, <startquote/>%t<endquote/></template>
<template name="sect5"><Section/>&#160;%n, <startquote/>%t<endquote/></template>
<template name="section"><Section/>&#160;%n, <startquote/>%t<endquote/></template>
<template name="simplesect"><sectioncalled/> <startquote/>%t<endquote/></template>
<template name="table"><Table/>&#160;%n, <startquote/>%t<endquote/></template>

</context>

<context name="authorgroup">
<template name="sep"><listcomma/> </template>
<template name="sep2"> <and/> </template>
<template name="seplast"><lastlistcomma/> <and/> </template>
</context>

<context name="glossary">
<template name="see"><GlossSee/> %t.</template>
<template name="seealso"><GlossSeeAlso/> %t.</template>
<template name="seealso-separator">, </template>
</context>

<context name="msgset">
<template name="MsgAud"><MsgAud/>: </template>
<template name="MsgLevel"><MsgLevel/>: </template>
<template name="MsgOrig"><MsgOrig/>: </template>
</context>

<context name="datetime">
	<template name="format">d/m/Y</template>
</context>

<context name="datetime-full">
	<template name="January">&#1089;&#1110;&#1095;&#1085;&#1103;</template>
	<template name="February">&#1083;&#1102;&#1090;&#1086;&#1075;&#1086;</template>
	<template name="March">&#1073;&#1077;&#1088;&#1077;&#1079;&#1085;&#1103;</template>
	<template name="April">&#1082;&#1074;&#1110;&#1090;&#1085;&#1103;</template>
	<template name="May">&#1090;&#1088;&#1072;&#1074;&#1085;&#1103;</template>
	<template name="June">&#1095;&#1077;&#1088;&#1074;&#1085;&#1103;</template>
	<template name="July">&#1083;&#1080;&#1087;&#1085;&#1103;</template>
	<template name="August">&#1089;&#1077;&#1088;&#1087;&#1085;&#1103;</template>
	<template name="September">&#1074;&#1077;&#1088;&#1077;&#1089;&#1085;&#1103;</template>
	<template name="October">&#1078;&#1086;&#1074;&#1090;&#1085;&#1103;</template>
	<template name="November">&#1083;&#1080;&#1089;&#1090;&#1086;&#1087;&#1072;&#1076;&#1072;</template>
	<template name="December">&#1075;&#1088;&#1091;&#1076;&#1085;&#1103;</template>
	<template name="Monday">&#1087;&#1086;&#1085;&#1077;&#1076;&#1110;&#1083;&#1086;&#1082;</template>
	<template name="Tuesday">&#1074;&#1110;&#1074;&#1090;&#1086;&#1088;&#1086;&#1082;</template>
	<template name="Wednesday">&#1089;&#1077;&#1088;&#1077;&#1076;&#1072;</template>
	<template name="Thursday">&#1095;&#1077;&#1090;&#1074;&#1077;&#1088;</template>
	<template name="Friday">&#1087;&#8217;&#1103;&#1090;&#1085;&#1080;&#1094;&#1103;</template>
	<template name="Saturday">&#1089;&#1091;&#1073;&#1086;&#1090;&#1072;</template>
	<template name="Sunday">&#1085;&#1077;&#1076;&#1110;&#1083;&#1103;</template>
</context>

<context name="datetime-abbrev">
	<template name="Jan">&#1057;&#1110;&#1095;</template>
	<template name="Feb">&#1051;&#1102;&#1090;</template>
	<template name="Mar">&#1041;&#1077;&#1088;</template>
	<template name="Apr">&#1050;&#1074;&#1110;</template>
	<template name="May">&#1058;&#1088;&#1072;</template>
	<template name="Jun">&#1063;&#1077;&#1088;</template>
	<template name="Jul">&#1051;&#1080;&#1087;</template>
	<template name="Aug">&#1057;&#1077;&#1088;</template>
	<template name="Sep">&#1042;&#1077;&#1088;</template>
	<template name="Oct">&#1046;&#1086;&#1074;</template>
	<template name="Nov">&#1051;&#1080;&#1089;</template>
	<template name="Dec">&#1043;&#1088;&#1091;</template>
	<template name="Mon">&#1055;&#1085;</template>
	<template name="Tue">&#1042;&#1090;</template>
	<template name="Wed">&#1057;&#1088;</template>
	<template name="Thu">&#1063;&#1090;</template>
	<template name="Fri">&#1055;&#1090;</template>
	<template name="Sat">&#1057;&#1073;</template>
	<template name="Sun">&#1053;&#1076;</template>
</context>

<context name="htmlhelp">
<template name="langcode">0x0422 Ukrainian</template>
</context>

<letters>
	<l i="-1"/>
	<l i="0"/>  
	<l i="10">A</l>
	<l i="10">a</l>
	<l i="20">B</l>
	<l i="20">b</l>
	<l i="30">C</l>
	<l i="30">c</l>
	<l i="40">D</l>
	<l i="40">d</l>
	<l i="50">E</l>
	<l i="50">e</l>
	<l i="60">F</l>
	<l i="60">f</l>
	<l i="70">G</l>
	<l i="70">g</l>
	<l i="80">H</l>
	<l i="80">h</l>
	<l i="90">I</l>
	<l i="90">i</l>
	<l i="100">J</l>
	<l i="100">j</l>
	<l i="110">K</l>
	<l i="110">k</l>
	<l i="120">L</l>
	<l i="120">l</l>
	<l i="130">M</l>
	<l i="130">m</l>
	<l i="140">N</l>
	<l i="140">n</l>
	<l i="150">O</l>
	<l i="150">o</l>
	<l i="160">P</l>
	<l i="160">p</l>
	<l i="170">Q</l>
	<l i="170">q</l>
	<l i="180">R</l>
	<l i="180">r</l>
	<l i="190">S</l>
	<l i="190">s</l>
	<l i="200">T</l>
	<l i="200">t</l>
	<l i="210">U</l>
	<l i="210">u</l>
	<l i="220">V</l>
	<l i="220">v</l>
	<l i="230">W</l>
	<l i="230">w</l>
	<l i="240">X</l>
	<l i="240">x</l>
	<l i="250">Y</l>
	<l i="250">y</l>
	<l i="260">Z</l>
	<l i="260">z</l>
	<l i="270">&#1040;</l>
	<l i="270">&#1072;</l>
	<l i="280">&#1041;</l>
	<l i="280">&#1073;</l>
	<l i="290">&#1042;</l>
	<l i="290">&#1074;</l>
	<l i="300">&#1043;</l>
	<l i="300">&#1075;</l>
	<l i="310">&#1168;</l>
	<l i="310">&#1169;</l>
	<l i="320">&#1044;</l>
	<l i="320">&#1076;</l>
	<l i="330">&#1045;</l>
	<l i="330">&#1077;</l>
	<l i="340">&#1028;</l>
	<l i="340">&#1108;</l>
	<l i="350">&#1046;</l>
	<l i="350">&#1078;</l>
	<l i="360">&#1047;</l>
	<l i="360">&#1079;</l>
	<l i="370">&#1048;</l>
	<l i="370">&#1080;</l>
	<l i="380">&#1030;</l>
	<l i="380">&#1110;</l>
	<l i="390">&#1031;</l>
	<l i="390">&#1111;</l>
	<l i="400">&#1049;</l>
	<l i="400">&#1081;</l>
	<l i="410">&#1050;</l>
	<l i="410">&#1082;</l>
	<l i="420">&#1051;</l>
	<l i="420">&#1083;</l>
	<l i="430">&#1052;</l>
	<l i="430">&#1084;</l>
	<l i="440">&#1053;</l>
	<l i="440">&#1085;</l>
	<l i="450">&#1054;</l>
	<l i="450">&#1086;</l>
	<l i="460">&#1055;</l>
	<l i="460">&#1087;</l>
	<l i="470">&#1056;</l>
	<l i="470">&#1088;</l>
	<l i="480">&#1057;</l>
	<l i="480">&#1089;</l>
	<l i="490">&#1058;</l>
	<l i="490">&#1090;</l>
	<l i="500">&#1059;</l>
	<l i="500">&#1091;</l>
	<l i="510">&#1060;</l>
	<l i="510">&#1092;</l>
	<l i="520">&#1061;</l>
	<l i="520">&#1093;</l>
	<l i="530">&#1062;</l>
	<l i="530">&#1094;</l>
	<l i="540">&#1063;</l>
	<l i="540">&#1095;</l>
	<l i="550">&#1064;</l>
	<l i="550">&#1096;</l>
	<l i="560">&#1065;</l>
	<l i="560">&#1097;</l>
	<l i="570">&#1068;</l>
	<l i="570">&#1100;</l>
	<l i="580">&#1070;</l>
	<l i="580">&#1102;</l>
	<l i="590">&#1071;</l>
	<l i="590">&#1103;</l>
</letters>

</locale>